report_id,report_date,assigned_date,resolved_date,category,department,region,reporting_type,severity,status,resolution_days,follow_up_count
R-0359,2026-03-19,2026-03-21,2026-09-17,Discrimination,Finance,India,Named,Low,Resolved,180.0,6
R-0302,2025-10-16,2025-10-19,2025-11-15,Other,Engineering,US,Named,Medium,Resolved,27.0,1
R-0523,2025-11-17,2025-11-19,2026-02-19,Discrimination,Customer Support,Philippines,Anonymous,Low,Resolved,92.0,6
R-0329,2026-04-04,2026-04-04,NaT,Harassment,Operations,India,Anonymous,High,Dismissed,,2
R-0724,2026-08-16,2026-08-18,2026-09-20,Safety Violation,Sales,India,Named,Medium,Resolved,33.0,3
R-0632,2026-05-31,2026-06-01,2026-06-23,Other,Operations,India,Named,High,Resolved,22.0,2
R-0436,2025-11-25,2025-11-27,2025-12-21,Safety Violation,Engineering,India,Named,High,Resolved,24.0,1
R-0783,2026-03-27,2026-03-27,NaT,Other,Sales,India,Named,Low,In Review,,2
R-0372,2025-12-27,2025-12-28,2026-05-14,Fraud/Misconduct,Operations,India,Anonymous,Medium,Resolved,137.0,6
R-0018,2025-09-16,2025-09-19,2026-02-02,Fraud/Misconduct,Operations,India,Anonymous,Low,Resolved,136.0,6
R-0130,2026-04-02,2026-04-02,2026-05-18,Harassment,Operations,US,Anonymous,High,Resolved,46.0,4
R-0300,2026-04-09,2026-04-12,2026-04-28,Discrimination,Engineering,India,Named,High,Resolved,16.0,1
R-0671,2025-10-10,2025-10-11,2026-02-15,Safety Violation,Operations,Philippines,Named,Low,Resolved,127.0,6
R-0049,2026-05-28,2026-05-28,2026-10-13,Other,Customer Support,India,Anonymous,Medium,Resolved,138.0,6
R-0567,2026-06-07,2026-06-10,2026-09-26,Other,Operations,India,Anonymous,Medium,Resolved,108.0,6
R-0054,2026-05-16,2026-05-17,NaT,Discrimination,Sales,India,Named,Medium,In Review,,4
R-0023,2026-08-24,2026-08-24,2026-11-27,Other,Engineering,UK,Anonymous,Medium,Resolved,95.0,6
R-0550,2026-02-23,2026-02-23,NaT,Fraud/Misconduct,Sales,India,Anonymous,Medium,Dismissed,,3
R-0780,2026-07-17,2026-07-17,2026-08-11,Harassment,Engineering,India,Anonymous,High,Resolved,25.0,1
R-0553,2025-11-25,2025-11-28,NaT,Other,Engineering,India,Named,Low,In Review,,2
R-0572,2026-07-20,2026-07-21,NaT,Retaliation,Engineering,US,Anonymous,Low,Open,,6
R-0749,2026-06-04,2026-06-07,2026-06-10,Harassment,Engineering,UK,Anonymous,Critical,Resolved,3.0,0
R-0511,2025-09-09,2025-09-09,NaT,Retaliation,Finance,India,Anonymous,Low,In Review,,2
R-0462,2025-10-17,2025-10-17,2025-10-30,Discrimination,Operations,US,Named,High,Resolved,13.0,1
R-0144,2026-03-30,2026-04-01,2026-06-06,Fraud/Misconduct,Engineering,UK,Named,Medium,Resolved,66.0,5
R-0273,2025-09-19,2025-09-22,NaT,Harassment,Customer Support,India,Named,Low,Open,,6
R-0332,2025-11-14,2025-11-16,2025-11-26,Harassment,Finance,UK,Anonymous,Critical,Resolved,10.0,0
R-0153,2025-10-19,2025-10-22,2025-11-27,Safety Violation,Engineering,UK,Named,Low,Resolved,36.0,3
R-0296,2026-07-23,2026-07-26,2026-09-06,Discrimination,Engineering,UK,Anonymous,Medium,Resolved,42.0,2
R-0125,2025-09-17,2025-09-20,2025-10-10,Safety Violation,Engineering,US,Anonymous,High,Resolved,20.0,2
R-0587,2025-11-09,2025-11-09,NaT,Safety Violation,Operations,India,Anonymous,Medium,Open,,1
R-0209,2025-10-03,2025-10-03,2025-11-06,Other,Engineering,Philippines,Anonymous,Low,Resolved,34.0,3
R-0419,2025-11-21,2025-11-21,2026-01-16,Other,Sales,India,Anonymous,Medium,Resolved,56.0,3
R-0728,2025-09-06,2025-09-09,NaT,Discrimination,Engineering,US,Anonymous,Low,In Review,,5
R-0116,2026-07-24,2026-07-26,2026-08-28,Discrimination,Engineering,US,Named,Medium,Resolved,33.0,3
R-0175,2025-11-23,2025-11-23,2025-12-10,Other,Operations,US,Anonymous,High,Resolved,17.0,1
R-0276,2026-02-01,2026-02-03,2026-02-19,Fraud/Misconduct,Finance,India,Anonymous,Low,Resolved,16.0,2
R-0290,2025-10-14,2025-10-14,NaT,Fraud/Misconduct,Finance,India,Anonymous,High,In Review,,0
R-0248,2026-02-14,2026-02-16,2026-03-26,Fraud/Misconduct,Operations,US,Named,Low,Resolved,38.0,2
R-0126,2026-03-23,2026-03-23,2026-04-22,Other,Operations,US,Anonymous,Medium,Resolved,30.0,2
R-0028,2025-09-18,2025-09-20,2025-11-18,Fraud/Misconduct,Engineering,US,Anonymous,Low,Resolved,59.0,3
R-0474,2025-10-11,2025-10-14,2025-10-20,Harassment,Customer Support,India,Anonymous,High,Resolved,6.0,0
R-0246,2026-07-16,2026-07-18,2026-10-06,Fraud/Misconduct,HR,UK,Anonymous,Critical,Resolved,80.0,6
R-0564,2026-04-26,2026-04-28,NaT,Harassment,Operations,India,Anonymous,Medium,Open,,6
R-0357,2026-06-13,2026-06-15,2026-09-12,Other,Engineering,Philippines,Named,Medium,Resolved,89.0,6
R-0613,2026-08-15,2026-08-16,2026-08-30,Retaliation,Operations,India,Anonymous,Medium,Resolved,14.0,0
R-0007,2026-06-02,2026-06-03,2026-07-08,Discrimination,Sales,India,Anonymous,High,Resolved,35.0,3
R-0368,2026-05-13,2026-05-13,2026-06-08,Harassment,Engineering,India,Anonymous,High,Resolved,26.0,2
R-0674,2026-05-12,2026-05-12,2026-08-28,Other,Sales,Philippines,Named,Medium,Resolved,108.0,6
R-0106,2026-05-24,2026-05-27,2026-07-04,Other,Operations,India,Named,Medium,Resolved,38.0,2
R-0421,2026-05-08,2026-05-08,2026-06-15,Harassment,Sales,India,Anonymous,High,Resolved,38.0,3
R-0561,2025-10-25,2025-10-27,2025-10-19,Safety Violation,Sales,UK,Named,Low,Resolved,-4.0,1
R-0707,2026-06-07,2026-06-07,2026-08-01,Fraud/Misconduct,Operations,UK,Named,Low,Resolved,55.0,3
R-0295,2026-07-02,2026-07-05,NaT,Fraud/Misconduct,Operations,Philippines,Anonymous,Medium,Open,,1
R-0173,2025-12-10,2025-12-10,2026-02-04,Safety Violation,Engineering,US,Named,Low,Resolved,56.0,3
R-0634,2026-02-02,2026-02-05,2026-02-11,Harassment,Sales,US,Anonymous,High,Resolved,6.0,0
R-0101,2026-07-05,2026-07-08,2027-01-04,Harassment,Sales,Philippines,Anonymous,Low,Resolved,180.0,6
R-0062,2026-03-18,2026-03-21,2026-04-08,Safety Violation,Operations,Philippines,Anonymous,Medium,Resolved,18.0,2
R-0306,2026-03-07,2026-03-10,2026-03-21,Fraud/Misconduct,Operations,US,Anonymous,Low,Resolved,11.0,0
R-0082,2026-01-29,2026-01-31,2026-02-07,Safety Violation,Engineering,India,Anonymous,Medium,Resolved,7.0,1
R-0214,2026-06-12,2026-06-14,2026-06-21,Other,Operations,India,Named,Medium,Resolved,7.0,0
R-0004,2026-05-08,2026-05-09,2026-05-31,Discrimination,Operations,India,Named,Low,Resolved,22.0,1
R-0308,2026-04-03,2026-04-04,2026-10-01,Fraud/Misconduct,Operations,Philippines,Anonymous,Medium,Resolved,180.0,6
R-0757,2026-01-11,2026-01-12,2026-03-31,Fraud/Misconduct,Operations,Philippines,Named,Medium,Resolved,78.0,6
R-0454,2025-11-28,2025-11-28,2026-05-27,Harassment,Operations,India,Named,Low,Resolved,180.0,6
R-0108,2025-12-27,2025-12-30,2026-06-28,Discrimination,Engineering,US,Named,Low,Resolved,180.0,6
R-0765,2026-08-19,2026-08-22,2026-09-29,Retaliation,HR,US,Anonymous,High,Resolved,38.0,2
R-0597,2026-05-07,2026-05-08,2026-07-14,Fraud/Misconduct,Engineering,India,Anonymous,Low,Resolved,67.0,5
R-0031,2026-06-15,2026-06-17,NaT,Harassment,Engineering,India,Anonymous,Medium,In Review,,6
R-0127,2026-01-27,2026-01-27,2026-02-21,Safety Violation,Operations,Philippines,Anonymous,High,Resolved,25.0,2
R-0430,2026-06-08,2026-06-11,2026-08-16,Safety Violation,Operations,Philippines,Named,High,Resolved,66.0,5
R-0016,2025-11-05,2025-11-08,2025-11-21,Fraud/Misconduct,Operations,US,Anonymous,High,Resolved,13.0,0
R-0795,2025-09-15,2025-09-18,2025-10-04,Fraud/Misconduct,Engineering,India,Named,High,Resolved,16.0,2
R-0075,2025-09-22,2025-09-23,2025-10-11,Harassment,Engineering,US,Anonymous,Medium,Resolved,18.0,1
R-0371,2026-06-22,2026-06-24,2026-08-01,Safety Violation,HR,Philippines,Named,Medium,Resolved,38.0,2
R-0498,2026-04-24,2026-04-27,NaT,Retaliation,Operations,UK,Anonymous,High,Open,,1
R-0503,2026-08-02,2026-08-03,2026-09-23,Safety Violation,Sales,UK,Named,Low,Resolved,51.0,3
R-0065,2026-04-14,2026-04-14,2026-06-22,Fraud/Misconduct,Sales,India,Anonymous,Low,Resolved,69.0,4
R-0268,2025-11-22,2025-11-22,2025-12-26,Safety Violation,Engineering,India,Named,Medium,Resolved,34.0,2
R-0114,2026-04-21,2026-04-22,2026-07-05,Harassment,Operations,US,Anonymous,Low,Resolved,74.0,4
R-0267,2025-12-03,2025-12-05,NaT,Fraud/Misconduct,Sales,UK,Named,High,In Review,,3
R-0790,2026-04-25,2026-04-25,2026-05-12,Harassment,Sales,UK,Anonymous,High,Resolved,17.0,1
R-0606,2026-06-21,2026-06-22,2026-08-11,Discrimination,Customer Support,US,Anonymous,Medium,Resolved,50.0,3
R-0443,2026-05-21,2026-05-23,NaT,Fraud/Misconduct,Finance,India,Anonymous,Low,In Review,,6
R-0141,2026-03-12,2026-03-15,2026-07-13,Harassment,HR,India,Named,Low,Resolved,120.0,6
R-0345,2026-06-09,2026-06-09,2026-12-06,Fraud/Misconduct,Customer Support,India,Named,Low,Resolved,180.0,6
R-0260,2026-04-21,2026-04-22,2026-09-05,Safety Violation,Sales,India,Named,Low,Resolved,136.0,6
R-0709,2026-02-07,2026-02-07,2026-03-04,Other,Operations,Philippines,Anonymous,Medium,Resolved,25.0,2
R-0614,2026-07-31,2026-07-31,2026-08-15,Safety Violation,Engineering,India,Named,High,Resolved,15.0,2
R-0132,2026-08-24,2026-08-27,NaT,Fraud/Misconduct,Engineering,Philippines,Named,Medium,In Review,,3
R-0041,2026-02-19,2026-02-22,2026-04-26,Other,Customer Support,India,Anonymous,Low,Resolved,63.0,5
R-0270,2025-09-24,2025-09-26,2025-11-01,Harassment,Operations,UK,Named,Medium,Resolved,36.0,2
R-0468,2026-08-24,2026-08-25,NaT,Safety Violation,Customer Support,US,Named,Low,Open,,6
R-0225,2025-12-23,2025-12-24,NaT,Safety Violation,Sales,US,Named,Low,Open,,6
R-0120,2026-04-14,2026-04-16,2026-10-13,Other,Customer Support,UK,Anonymous,Low,Resolved,180.0,6
R-0515,2026-01-21,2026-01-21,2026-02-01,Safety Violation,Sales,US,Anonymous,Medium,Resolved,11.0,0
R-0708,2026-06-02,2026-06-02,2026-06-21,Harassment,Customer Support,India,Anonymous,Medium,Resolved,19.0,2
R-0676,2026-02-10,2026-02-12,2026-03-02,Retaliation,Operations,India,Anonymous,Medium,Resolved,18.0,2
R-0574,2026-06-20,2026-06-22,2026-07-23,Other,Engineering,India,Named,High,Resolved,31.0,3
R-0310,2025-10-29,2025-10-31,2025-11-09,Retaliation,Finance,US,Named,Medium,Resolved,9.0,1
R-0192,2025-12-26,2025-12-27,2026-05-17,Other,Customer Support,India,Named,Medium,Resolved,141.0,6
R-0135,2026-04-24,2026-04-27,2026-06-12,Other,Operations,India,Named,Medium,Resolved,46.0,4
R-0205,2025-09-04,2025-09-05,2025-10-11,Harassment,Engineering,India,Anonymous,High,Resolved,36.0,2
R-0307,2026-02-06,2026-02-09,2026-04-17,Retaliation,Sales,US,Anonymous,Low,Resolved,67.0,5
R-0769,2025-10-05,2025-10-08,2025-12-19,Fraud/Misconduct,Customer Support,India,Named,Low,Resolved,72.0,5
R-0019,2026-06-01,2026-06-03,2026-11-06,Discrimination,Operations,India,Named,Low,Resolved,156.0,6
R-0683,2025-09-10,2025-09-10,NaT,Safety Violation,Customer Support,UK,Anonymous,Medium,In Review,,2
R-0263,2026-01-24,2026-01-27,2026-02-28,Harassment,Sales,US,Anonymous,Medium,Resolved,32.0,3
R-0369,2026-01-24,2026-01-27,2026-04-16,Fraud/Misconduct,Engineering,India,Anonymous,Low,Resolved,79.0,5
R-0626,2026-02-16,2026-02-16,2026-03-10,Harassment,Operations,Philippines,Anonymous,High,Resolved,22.0,2
R-0721,2026-03-02,2026-03-03,2026-04-19,Fraud/Misconduct,Operations,US,Anonymous,Medium,Resolved,47.0,4
R-0289,2026-03-01,2026-03-04,2026-03-19,Other,Operations,Philippines,Anonymous,High,Resolved,15.0,2
R-0582,2026-03-07,2026-03-07,NaT,Retaliation,Finance,India,Named,Medium,Dismissed,,2
R-0440,2026-04-12,2026-04-15,2026-05-09,Retaliation,Sales,US,Named,Medium,Resolved,24.0,1
R-0220,2026-02-06,2026-02-08,2026-02-18,Other,Engineering,US,Anonymous,Medium,Resolved,10.0,1
R-0722,2026-01-30,2026-01-31,2026-03-22,Safety Violation,Finance,UK,Named,Medium,Resolved,50.0,4
R-0079,2026-04-26,2026-04-28,2026-05-05,Other,Operations,India,Anonymous,High,Resolved,7.0,0
R-0537,2026-03-16,2026-03-19,2026-04-07,Other,Operations,UK,Named,Medium,Resolved,19.0,1
R-0374,2026-01-09,2026-01-09,NaT,Other,HR,India,Anonymous,Medium,Open,,3
R-0756,2025-11-11,2025-11-11,2026-01-07,Other,Customer Support,US,Named,Low,Resolved,57.0,3
R-0545,2025-10-11,2025-10-14,2025-11-10,Discrimination,Operations,UK,Anonymous,Medium,Resolved,27.0,1
R-0085,2025-09-11,2025-09-11,2025-10-13,Other,Operations,India,Named,High,Resolved,32.0,3
R-0385,2026-02-17,2026-02-20,2026-02-28,Discrimination,Engineering,India,Anonymous,Critical,Resolved,8.0,1
R-0743,2026-07-14,2026-07-17,2026-10-02,Safety Violation,Finance,UK,Anonymous,Medium,Resolved,77.0,5
R-0619,2025-10-09,2025-10-11,2025-11-13,Fraud/Misconduct,Engineering,Philippines,Named,Medium,Resolved,33.0,2
R-0215,2026-05-25,2026-05-27,2026-11-12,Harassment,Sales,India,Named,Medium,Resolved,169.0,6
R-0033,2026-01-01,2026-01-01,2026-01-24,Harassment,Operations,UK,Anonymous,High,Resolved,23.0,1
R-0428,2026-07-26,2026-07-29,NaT,Harassment,Engineering,US,Anonymous,Medium,In Review,,1
R-0514,2025-12-27,2025-12-28,2026-01-10,Other,Operations,UK,Anonymous,Critical,Resolved,13.0,0
R-0469,2025-10-10,2025-10-10,2026-01-17,Harassment,HR,Philippines,Anonymous,Medium,Resolved,99.0,6
R-0200,2026-01-14,2026-01-14,2026-02-06,Safety Violation,Engineering,India,Named,Medium,Resolved,23.0,1
R-0629,2026-04-07,2026-04-09,2026-07-05,Other,Finance,UK,Anonymous,Medium,Resolved,87.0,6
R-0133,2026-04-19,2026-04-21,2026-05-11,Fraud/Misconduct,Operations,UK,Named,Medium,Resolved,20.0,1
R-0136,2025-09-24,2025-09-26,NaT,Other,Operations,Philippines,Named,Low,In Review,,6
R-0137,2026-08-12,2026-08-14,2026-09-14,Harassment,Sales,India,Anonymous,High,Resolved,31.0,2
R-0563,2026-07-10,2026-07-12,NaT,Harassment,Operations,Philippines,Anonymous,Medium,In Review,,3
R-0638,2026-05-07,2026-05-09,2026-11-05,Fraud/Misconduct,Sales,Philippines,Anonymous,Low,Resolved,180.0,6
R-0639,2026-06-12,2026-06-12,2026-07-18,Retaliation,Engineering,UK,Named,Critical,Resolved,36.0,2
R-0264,2025-10-12,2025-10-14,2025-11-06,Safety Violation,Finance,India,Anonymous,Low,Resolved,23.0,2
R-0559,2026-04-23,2026-04-26,2026-06-03,Other,Operations,UK,Named,Medium,Resolved,38.0,2
R-0704,2026-07-24,2026-07-26,NaT,Harassment,Operations,India,Named,High,In Review,,2
R-0731,2025-12-31,2026-01-02,NaT,Discrimination,Engineering,India,Anonymous,Low,Dismissed,,6
R-0027,2026-03-17,2026-03-18,2026-07-19,Fraud/Misconduct,Operations,Philippines,Named,Low,Resolved,123.0,6
R-0343,2026-06-24,2026-06-26,2026-07-18,Safety Violation,HR,India,Named,High,Resolved,22.0,1
R-0388,2026-08-03,2026-08-03,2026-09-04,Fraud/Misconduct,Finance,UK,Anonymous,High,Resolved,32.0,3
R-0411,2026-05-13,2026-05-13,2026-07-10,Safety Violation,Sales,India,Named,Medium,Resolved,58.0,4
R-0402,2026-07-29,2026-07-29,2026-08-25,Harassment,Finance,India,Named,Medium,Resolved,27.0,2
R-0607,2026-07-02,2026-07-02,2026-12-09,Harassment,Operations,India,Anonymous,High,Resolved,160.0,6
R-0669,2025-12-03,2025-12-03,2026-01-21,Fraud/Misconduct,Sales,US,Named,Low,Resolved,49.0,4
R-0102,2026-05-04,2026-05-06,2026-06-17,Fraud/Misconduct,Finance,India,Anonymous,Medium,Resolved,42.0,2
R-0231,2025-10-11,2025-10-14,2025-12-02,Other,Customer Support,UK,Anonymous,Low,Resolved,49.0,3
R-0456,2025-11-10,2025-11-12,2025-11-19,Safety Violation,Customer Support,US,Named,Critical,Resolved,7.0,0
R-0600,2026-04-04,2026-04-05,2026-06-21,Discrimination,Operations,India,Named,Medium,Resolved,77.0,5
R-0100,2026-08-25,2026-08-25,2026-09-04,Safety Violation,Operations,India,Anonymous,High,Resolved,10.0,1
R-0566,2026-05-26,2026-05-28,2026-07-01,Harassment,Sales,India,Anonymous,Low,Resolved,34.0,3
R-0384,2026-03-22,2026-03-23,2026-07-17,Safety Violation,Engineering,India,Anonymous,Medium,Resolved,116.0,6
R-0711,2026-08-05,2026-08-08,NaT,Harassment,HR,UK,Named,Medium,Dismissed,,6
R-0798,2025-11-08,2025-11-11,NaT,Safety Violation,Finance,US,Anonymous,Medium,In Review,,1
R-0684,2026-03-23,2026-03-25,NaT,Retaliation,Operations,India,Anonymous,Low,Dismissed,,4
R-0472,2026-03-19,2026-03-21,NaT,Discrimination,Operations,UK,Named,Low,Open,,1
R-0367,2026-06-09,2026-06-11,2026-06-29,Harassment,Engineering,UK,Anonymous,High,Resolved,18.0,2
R-0349,2026-03-30,2026-04-01,2026-04-17,Safety Violation,Customer Support,Philippines,Anonymous,High,Resolved,16.0,2
R-0139,2026-05-29,2026-05-30,NaT,Other,Sales,US,Named,Low,In Review,,5
R-0713,2026-06-13,2026-06-15,2026-07-03,Other,HR,India,Anonymous,High,Resolved,18.0,2
R-0383,2026-05-30,2026-06-02,2026-08-16,Safety Violation,Operations,UK,Anonymous,High,Resolved,75.0,5
R-0570,2026-03-29,2026-04-01,NaT,Other,Operations,UK,Named,Medium,In Review,,3
R-0477,2026-02-11,2026-02-11,2026-05-20,Retaliation,Operations,UK,Anonymous,Medium,Resolved,98.0,6
R-0586,2026-04-07,2026-04-10,2026-05-23,Other,Operations,US,Anonymous,Medium,Resolved,43.0,2
R-0616,2026-05-10,2026-05-12,NaT,Fraud/Misconduct,Engineering,India,Anonymous,Low,In Review,,1
R-0010,2026-03-03,2026-03-03,2026-08-30,Safety Violation,Engineering,India,Named,Low,Resolved,180.0,6
R-0011,2026-02-21,2026-02-22,2026-04-16,Retaliation,Engineering,US,Anonymous,Medium,Resolved,53.0,4
R-0318,2026-05-13,2026-05-13,2026-06-01,Other,Operations,UK,Named,Medium,Resolved,19.0,1
R-0549,2026-06-23,2026-06-24,NaT,Fraud/Misconduct,Customer Support,India,Anonymous,Medium,Dismissed,,6
R-0119,2026-02-10,2026-02-11,2026-02-27,Retaliation,Engineering,Philippines,Anonymous,High,Resolved,16.0,1
R-0351,2026-04-26,2026-04-29,2026-08-06,Harassment,Engineering,India,Anonymous,Medium,Resolved,99.0,6
R-0738,2026-01-23,2026-01-25,2026-07-09,Discrimination,Operations,India,Anonymous,Low,Resolved,165.0,6
R-0317,2026-02-06,2026-02-08,2026-02-16,Harassment,Engineering,UK,Anonymous,Medium,Resolved,8.0,0
R-0050,2025-10-26,2025-10-27,NaT,Other,Sales,Philippines,Anonymous,Low,In Review,,4
R-0026,2025-11-29,2025-11-30,2026-04-28,Other,Customer Support,UK,Anonymous,Medium,Resolved,149.0,6
R-0155,2025-10-19,2025-10-22,NaT,Other,Operations,UK,Named,Low,Open,,6
R-0259,2025-09-16,2025-09-17,2026-02-28,Other,Engineering,US,Anonymous,Medium,Resolved,164.0,6
R-0438,2026-03-01,2026-03-02,2026-04-15,Other,Sales,US,Named,Low,Resolved,44.0,2
R-0301,2026-06-14,2026-06-14,2026-06-28,Discrimination,HR,India,Named,Critical,Resolved,14.0,1
R-0768,2025-09-06,2025-09-09,2025-09-20,Other,Operations,UK,Named,High,Resolved,11.0,0
R-0145,2026-03-06,2026-03-09,2026-03-30,Other,Sales,India,Anonymous,Medium,Resolved,21.0,2
R-0337,2025-10-12,2025-10-14,2025-10-25,Retaliation,Customer Support,India,Named,High,Resolved,11.0,0
R-0748,2026-02-20,2026-02-22,2026-03-20,Other,HR,Philippines,Anonymous,Medium,Resolved,26.0,2
R-0113,2026-01-25,2026-01-27,2026-03-24,Fraud/Misconduct,Operations,Philippines,Anonymous,High,Resolved,56.0,4
R-0652,2026-07-14,2026-07-17,NaT,Other,Operations,India,Anonymous,Medium,Open,,2
R-0602,2026-05-29,2026-05-31,2026-08-09,Discrimination,Customer Support,US,Named,Medium,Resolved,70.0,4
R-0168,2026-06-12,2026-06-14,NaT,Harassment,Sales,India,Anonymous,Low,In Review,,1
R-0703,2025-11-17,2025-11-18,2026-05-16,Other,Engineering,Philippines,Anonymous,Low,Resolved,179.0,6
R-0147,2026-01-28,2026-01-28,2026-02-08,Fraud/Misconduct,Sales,India,Anonymous,Critical,Resolved,11.0,0
R-0525,2025-10-23,2025-10-24,NaT,Fraud/Misconduct,Operations,Philippines,Named,Medium,In Review,,6
R-0422,2025-09-20,2025-09-20,2025-10-17,Fraud/Misconduct,Customer Support,India,Anonymous,Low,Resolved,27.0,2
R-0500,2026-03-07,2026-03-10,2026-06-17,Retaliation,Engineering,Philippines,Anonymous,High,Resolved,99.0,6
R-0533,2026-02-13,2026-02-14,2026-05-26,Retaliation,Engineering,India,Anonymous,High,Resolved,101.0,6
R-0417,2025-10-13,2025-10-13,2025-12-24,Harassment,Sales,India,Anonymous,Medium,Resolved,72.0,4
R-0740,2026-01-31,2026-02-01,NaT,Harassment,Sales,US,Anonymous,High,In Review,,2
R-0406,2026-07-01,2026-07-01,2026-08-28,Safety Violation,Sales,India,Anonymous,High,Resolved,58.0,3
R-0716,2025-10-31,2025-10-31,2025-11-03,Harassment,Customer Support,UK,Anonymous,Critical,Resolved,3.0,1
R-0637,2026-05-06,2026-05-07,NaT,Harassment,Sales,India,Anonymous,Critical,In Review,,2
R-0284,2025-12-25,2025-12-25,2026-01-08,Safety Violation,Customer Support,UK,Named,High,Resolved,14.0,1
R-0761,2026-05-18,2026-05-21,2026-06-24,Discrimination,Customer Support,India,Named,Critical,Resolved,34.0,2
R-0333,2026-05-24,2026-05-26,2026-06-29,Fraud/Misconduct,Engineering,UK,Named,Medium,Resolved,34.0,3
R-0156,2026-05-08,2026-05-11,NaT,Harassment,Sales,India,Named,High,Open,,0
R-0499,2026-01-21,2026-01-24,NaT,Other,Operations,US,Named,High,In Review,,3
R-0608,2025-10-26,2025-10-27,NaT,Fraud/Misconduct,Sales,India,Anonymous,Medium,In Review,,6
R-0363,2025-10-05,2025-10-07,2025-10-19,Other,Engineering,US,Named,Critical,Resolved,12.0,1
R-0399,2026-03-08,2026-03-11,2026-03-29,Other,Engineering,India,Anonymous,High,Resolved,18.0,2
R-0434,2026-07-18,2026-07-19,2026-07-27,Discrimination,Engineering,UK,Anonymous,High,Resolved,8.0,0
R-0712,2026-05-01,2026-05-02,2026-04-25,Harassment,Customer Support,US,Anonymous,High,Resolved,-6.0,0
R-0490,2026-03-30,2026-03-31,NaT,Safety Violation,Operations,India,Named,Critical,In Review,,1
R-0184,2026-01-27,2026-01-28,2026-02-09,Other,Operations,India,Anonymous,Critical,Resolved,12.0,0
R-0624,2026-03-12,2026-03-15,2026-04-10,Discrimination,Sales,India,Named,Medium,Resolved,26.0,2
R-0412,2026-05-10,2026-05-10,2026-11-06,Retaliation,Customer Support,India,Named,High,Resolved,180.0,6
R-0668,2026-08-18,2026-08-21,2026-08-30,Harassment,Sales,US,Anonymous,Medium,Resolved,9.0,0
R-0737,2025-11-13,2025-11-16,2025-12-23,Fraud/Misconduct,Engineering,India,Anonymous,Low,Resolved,37.0,2
R-0087,2026-05-11,2026-05-11,NaT,Safety Violation,Engineering,India,Anonymous,High,In Review,,5
R-0051,2025-11-05,2025-11-08,2025-12-07,Harassment,Sales,India,Named,High,Resolved,29.0,1
R-0218,2025-10-08,2025-10-09,NaT,Fraud/Misconduct,Engineering,India,Named,Medium,Dismissed,,1
R-0452,2026-07-07,2026-07-10,2026-08-14,Safety Violation,Operations,US,Named,High,Resolved,35.0,3
R-0470,2026-03-12,2026-03-15,NaT,Other,Engineering,India,Anonymous,Medium,In Review,,3
R-0038,2026-03-18,2026-03-21,2026-06-28,Fraud/Misconduct,Sales,India,Anonymous,Low,Resolved,99.0,6
R-0058,2026-04-25,2026-04-25,2026-05-27,Other,Operations,India,Named,Medium,Resolved,32.0,2
R-0636,2025-10-24,2025-10-26,2026-01-01,Harassment,Operations,India,Anonymous,Medium,Resolved,67.0,4
R-0481,2026-02-22,2026-02-25,NaT,Retaliation,Operations,India,Anonymous,Low,Open,,6
R-0189,2026-06-12,2026-06-12,2026-07-13,Other,Engineering,India,Anonymous,Medium,Resolved,31.0,3
R-0370,2026-07-02,2026-07-05,NaT,Fraud/Misconduct,Operations,India,Anonymous,High,Open,,4
R-0037,2025-10-05,2025-10-06,2025-10-31,Harassment,Operations,US,Named,High,Resolved,25.0,2
R-0541,2026-08-18,2026-08-21,2026-09-15,Safety Violation,Sales,India,Named,High,Resolved,25.0,2
R-0492,2026-04-08,2026-04-08,2026-05-27,Other,Customer Support,US,Anonymous,Low,Resolved,49.0,3
R-0562,2025-12-07,2025-12-09,NaT,Harassment,Sales,India,Anonymous,Medium,Open,,4
R-0327,2026-06-08,2026-06-11,2026-09-04,Safety Violation,Operations,UK,Anonymous,High,Resolved,85.0,6
R-0730,2026-03-04,2026-03-07,2026-04-16,Fraud/Misconduct,Operations,Philippines,Named,Critical,Resolved,40.0,3
R-0589,2025-11-13,2025-11-16,NaT,Other,Operations,India,Named,High,In Review,,2
R-0599,2026-08-14,2026-08-17,2026-12-01,Fraud/Misconduct,Operations,India,Named,Medium,Resolved,106.0,6
R-0234,2026-04-01,2026-04-03,2026-07-04,Harassment,Engineering,UK,Named,Medium,Resolved,92.0,6
R-0483,2026-04-08,2026-04-10,2026-04-22,Retaliation,Sales,US,Anonymous,High,Resolved,12.0,0
R-0543,2026-07-26,2026-07-29,NaT,Harassment,Engineering,India,Anonymous,High,In Review,,2
R-0482,2025-11-02,2025-11-02,2025-11-27,Other,Engineering,India,Anonymous,Medium,Resolved,25.0,2
R-0579,2026-07-16,2026-07-19,2026-08-28,Safety Violation,Operations,US,Anonymous,High,Resolved,40.0,3
R-0066,2026-04-10,2026-04-11,2026-09-03,Other,Engineering,India,Named,Low,Resolved,145.0,6
R-0254,2025-12-04,2025-12-06,2026-05-21,Other,Customer Support,India,Named,Low,Resolved,166.0,6
R-0178,2026-08-01,2026-08-03,2026-12-07,Other,Customer Support,India,Named,Low,Resolved,126.0,6
R-0164,2025-09-19,2025-09-21,NaT,Harassment,Operations,India,Anonymous,High,Open,,1
R-0008,2026-06-15,2026-06-16,NaT,Fraud/Misconduct,Customer Support,India,Anonymous,Medium,Open,,6
R-0686,2026-01-23,2026-01-25,2026-05-23,Safety Violation,Customer Support,India,Named,Medium,Resolved,118.0,6
R-0534,2026-04-10,2026-04-11,NaT,Safety Violation,Sales,UK,Anonymous,Low,Open,,5
R-0501,2026-05-26,2026-05-27,NaT,Other,HR,India,Anonymous,Medium,In Review,,2
R-0344,2026-03-30,2026-04-01,2026-04-17,Harassment,Engineering,UK,Anonymous,Medium,Resolved,16.0,1
R-0467,2026-05-20,2026-05-21,2026-10-30,Other,Engineering,India,Named,Low,Resolved,162.0,6
R-0408,2026-07-02,2026-07-02,2026-08-17,Safety Violation,Engineering,India,Anonymous,Medium,Resolved,46.0,3
R-0575,2026-07-04,2026-07-07,2026-10-02,Discrimination,Operations,US,Anonymous,Medium,Resolved,87.0,6
R-0167,2026-06-13,2026-06-13,2026-07-25,Harassment,Sales,UK,Named,High,Resolved,42.0,2
R-0047,2026-02-08,2026-02-09,2026-04-27,Discrimination,Engineering,India,Anonymous,Medium,Resolved,77.0,6
R-0072,2026-02-15,2026-02-17,NaT,Safety Violation,Operations,UK,Named,Low,Open,,4
R-0800,2026-05-21,2026-05-22,NaT,Fraud/Misconduct,Operations,US,Named,Medium,In Review,,6
R-0404,2025-10-14,2025-10-14,NaT,Other,Operations,India,Named,Medium,Open,,2
R-0528,2026-08-15,2026-08-17,2026-10-14,Other,Customer Support,UK,Named,Medium,Resolved,58.0,4
R-0623,2026-07-28,2026-07-28,2026-09-08,Fraud/Misconduct,Operations,India,Anonymous,High,Resolved,42.0,2
R-0776,2026-07-27,2026-07-28,2026-10-28,Harassment,Sales,India,Anonymous,Low,Resolved,92.0,6
R-0647,2025-09-18,2025-09-21,NaT,Safety Violation,Operations,Philippines,Named,Low,Open,,3
R-0426,2026-06-12,2026-06-12,2026-07-03,Retaliation,Customer Support,Philippines,Named,Medium,Resolved,21.0,1
R-0628,2025-10-28,2025-10-31,2025-11-21,Fraud/Misconduct,Finance,India,Anonymous,Medium,Resolved,21.0,2
R-0387,2026-05-23,2026-05-25,2026-10-15,Safety Violation,Customer Support,India,Named,Medium,Resolved,143.0,6
R-0339,2025-10-29,2025-10-30,2026-04-09,Other,Customer Support,UK,Named,Low,Resolved,161.0,6
R-0463,2026-08-01,2026-08-01,2026-10-06,Retaliation,Engineering,India,Anonymous,Medium,Resolved,66.0,5
R-0465,2026-04-16,2026-04-16,2026-05-26,Other,Sales,India,Anonymous,Medium,Resolved,40.0,3
R-0439,2026-06-27,2026-06-30,2026-12-27,Safety Violation,Sales,India,Named,Low,Resolved,180.0,6
R-0112,2025-11-14,2025-11-15,2025-12-23,Other,Engineering,US,Named,Medium,Resolved,38.0,3
R-0288,2026-02-10,2026-02-12,2026-05-14,Fraud/Misconduct,Operations,US,Named,Medium,Resolved,91.0,6
R-0475,2025-12-20,2025-12-21,2026-01-18,Retaliation,Customer Support,India,Anonymous,High,Resolved,28.0,2
R-0227,2025-09-04,2025-09-07,NaT,Harassment,Sales,India,Anonymous,High,Dismissed,,4
R-0379,2026-01-30,2026-02-01,NaT,Other,Engineering,UK,Anonymous,Low,In Review,,6
R-0196,2025-11-06,2025-11-07,2025-11-12,Harassment,Operations,US,Named,Critical,Resolved,5.0,0
R-0710,2026-03-16,2026-03-17,2026-05-07,Other,Sales,UK,Named,High,Resolved,51.0,3
R-0620,2025-09-06,2025-09-07,2025-09-27,Discrimination,Customer Support,US,Named,Medium,Resolved,20.0,2
R-0138,2026-03-02,2026-03-05,2026-03-14,Fraud/Misconduct,Engineering,US,Named,High,Resolved,9.0,1
R-0598,2026-04-24,2026-04-25,NaT,Safety Violation,Engineering,Philippines,Named,Medium,Open,,5
R-0466,2026-05-14,2026-05-14,2026-07-12,Other,Engineering,US,Named,Low,Resolved,59.0,4
R-0789,2026-06-26,2026-06-28,NaT,Other,Customer Support,US,Named,High,Dismissed,,2
R-0786,2026-01-25,2026-01-25,2026-02-16,Other,Customer Support,Philippines,Named,High,Resolved,22.0,1
R-0702,2026-01-03,2026-01-04,2026-02-02,Harassment,Operations,US,Anonymous,Medium,Resolved,29.0,2
R-0573,2026-03-29,2026-03-30,2026-05-17,Discrimination,Customer Support,Philippines,Named,Medium,Resolved,48.0,3
R-0510,2025-10-09,2025-10-12,2026-04-10,Safety Violation,Engineering,UK,Named,Low,Resolved,180.0,6
R-0437,2025-10-18,2025-10-19,2026-02-09,Safety Violation,HR,India,Named,Low,Resolved,113.0,6
R-0729,2026-02-28,2026-03-01,NaT,Harassment,Customer Support,US,Anonymous,Critical,In Review,,2
R-0207,2025-10-01,2025-10-03,2025-10-11,Other,Operations,US,Named,High,Resolved,8.0,1
R-0104,2026-08-02,2026-08-03,2026-11-13,Safety Violation,HR,US,Named,Medium,Resolved,102.0,6
R-0376,2025-10-02,2025-10-02,2025-10-31,Safety Violation,Engineering,India,Anonymous,Low,Resolved,29.0,1
R-0223,2026-05-08,2026-05-10,NaT,Fraud/Misconduct,Operations,UK,Anonymous,Medium,In Review,,2
R-0154,2026-04-10,2026-04-13,2026-05-03,Safety Violation,Finance,US,Named,Medium,Resolved,20.0,2
R-0181,2026-06-29,2026-06-29,2026-07-15,Fraud/Misconduct,Operations,India,Named,Medium,Resolved,16.0,2
R-0604,2026-05-09,2026-05-09,2026-06-07,Discrimination,Finance,UK,Named,Low,Resolved,29.0,1
R-0539,2025-11-16,2025-11-19,NaT,Fraud/Misconduct,Sales,US,Anonymous,Medium,Open,,5
R-0705,2025-12-27,2025-12-28,2026-02-11,Discrimination,Customer Support,India,Named,High,Resolved,45.0,4
R-0142,2026-03-22,2026-03-24,2026-07-29,Other,Engineering,India,Anonymous,Low,Resolved,127.0,6
R-0759,2025-09-19,2025-09-21,2025-10-20,Other,Operations,UK,Named,Medium,Resolved,29.0,1
R-0211,2026-05-06,2026-05-06,2026-06-14,Other,Sales,UK,Named,High,Resolved,39.0,2
R-0610,2026-02-02,2026-02-04,NaT,Harassment,Engineering,India,Anonymous,Medium,In Review,,4
R-0143,2026-08-10,2026-08-12,NaT,Fraud/Misconduct,Customer Support,Philippines,Named,Critical,In Review,,0
R-0003,2026-07-22,2026-07-22,2026-09-14,Other,Engineering,UK,Named,Low,Resolved,54.0,4
R-0005,2025-10-04,2025-10-07,2025-11-10,Harassment,Engineering,Philippines,Anonymous,Medium,Resolved,34.0,3
R-0753,2025-12-21,2025-12-21,2026-04-14,Retaliation,Sales,US,Named,Medium,Resolved,114.0,6
R-0282,2025-11-07,2025-11-08,2026-01-19,Harassment,Engineering,Philippines,Anonymous,Low,Resolved,72.0,5
R-0203,2026-03-13,2026-03-16,2026-04-23,Other,Sales,India,Named,Critical,Resolved,38.0,2
R-0303,2026-03-21,2026-03-23,2026-07-19,Safety Violation,HR,US,Named,Medium,Resolved,118.0,6
R-0393,2026-04-07,2026-04-07,2026-07-02,Other,Operations,India,Anonymous,Low,Resolved,86.0,6
R-0577,2026-07-01,2026-07-02,2026-09-24,Discrimination,Engineering,UK,Named,Medium,Resolved,84.0,6
R-0330,2025-12-28,2025-12-31,NaT,Safety Violation,HR,Philippines,Named,Medium,In Review,,5
R-0496,2026-03-23,2026-03-23,2026-06-01,Fraud/Misconduct,HR,India,Anonymous,Medium,Resolved,70.0,4
R-0595,2025-09-20,2025-09-23,NaT,Other,Customer Support,India,Anonymous,Medium,In Review,,3
R-0232,2026-02-26,2026-02-28,2026-03-30,Discrimination,Engineering,UK,Named,Medium,Resolved,30.0,2
R-0238,2026-06-07,2026-06-10,2026-07-30,Fraud/Misconduct,Engineering,India,Anonymous,Medium,Resolved,50.0,3
R-0471,2026-02-03,2026-02-06,2026-03-09,Safety Violation,HR,India,Named,Medium,Resolved,31.0,3
R-0172,2026-03-11,2026-03-12,NaT,Other,Operations,Philippines,Anonymous,High,Dismissed,,3
R-0274,2026-04-27,2026-04-27,2026-07-02,Fraud/Misconduct,Customer Support,India,Named,Low,Resolved,66.0,5
R-0594,2026-04-05,2026-04-06,2026-05-07,Discrimination,Engineering,US,Anonymous,Medium,Resolved,31.0,3
R-0195,2025-10-15,2025-10-15,2025-11-23,Other,Operations,UK,Named,Low,Resolved,39.0,2
R-0568,2025-09-26,2025-09-29,2025-10-28,Harassment,Operations,India,Anonymous,Medium,Resolved,29.0,2
R-0103,2025-12-20,2025-12-21,2026-03-17,Retaliation,Engineering,UK,Named,High,Resolved,86.0,6
R-0517,2026-01-27,2026-01-30,NaT,Safety Violation,Customer Support,UK,Anonymous,High,In Review,,1
R-0210,2026-03-28,2026-03-30,2026-04-04,Discrimination,Customer Support,US,Anonymous,Critical,Resolved,5.0,1
R-0163,2025-11-30,2025-12-02,2026-01-01,Discrimination,Engineering,India,Anonymous,Low,Resolved,30.0,2
R-0552,2025-10-10,2025-10-12,2025-10-31,Harassment,Engineering,UK,Anonymous,High,Resolved,19.0,2
R-0521,2026-07-21,2026-07-23,NaT,Harassment,Engineering,Philippines,Anonymous,Medium,In Review,,5
R-0088,2026-03-12,2026-03-12,2026-09-08,Safety Violation,HR,Philippines,Anonymous,Low,Resolved,180.0,6
R-0557,2025-12-13,2025-12-14,2026-01-28,Harassment,Operations,Philippines,Anonymous,Critical,Resolved,45.0,3
R-0191,2026-08-14,2026-08-15,2026-09-19,Other,Customer Support,India,Anonymous,Low,Resolved,35.0,2
R-0361,2026-08-22,2026-08-25,NaT,Other,HR,India,Named,Medium,Open,,2
R-0179,2026-07-07,2026-07-09,2027-01-05,Discrimination,Customer Support,US,Anonymous,Medium,Resolved,180.0,6
R-0617,2026-06-11,2026-06-14,2026-07-01,Retaliation,Operations,US,Anonymous,High,Resolved,17.0,1
R-0045,2026-07-01,2026-07-02,2026-09-27,Safety Violation,Engineering,India,Named,Low,Resolved,87.0,5
R-0398,2025-12-29,2026-01-01,2026-01-23,Harassment,Engineering,UK,Anonymous,Medium,Resolved,22.0,2
R-0792,2026-02-03,2026-02-03,2026-02-22,Discrimination,Sales,US,Anonymous,Medium,Resolved,19.0,2
R-0615,2025-12-03,2025-12-04,2026-02-06,Other,Sales,UK,Anonymous,Low,Resolved,64.0,4
R-0378,2026-02-08,2026-02-10,2026-03-26,Other,Sales,India,Named,Low,Resolved,44.0,2
R-0233,2026-08-14,2026-08-17,2026-10-22,Harassment,Sales,India,Anonymous,Medium,Resolved,66.0,5
R-0735,2025-09-17,2025-09-18,2025-10-05,Discrimination,Customer Support,US,Anonymous,High,Resolved,17.0,2
R-0726,2025-09-25,2025-09-26,2025-12-09,Harassment,Operations,UK,Anonymous,Low,Resolved,74.0,5
R-0611,2026-04-19,2026-04-21,2026-07-05,Safety Violation,Operations,US,Named,Low,Resolved,75.0,6
R-0375,2025-11-16,2025-11-18,2026-01-14,Harassment,Operations,India,Anonymous,Low,Resolved,57.0,4
R-0460,2026-04-11,2026-04-11,NaT,Harassment,Engineering,US,Anonymous,Medium,In Review,,2
R-0217,2025-10-08,2025-10-11,2026-04-09,Fraud/Misconduct,HR,India,Anonymous,Low,Resolved,180.0,6
R-0800,2026-05-21,2026-05-22,NaT,Fraud/Misconduct,Operations,US,Named,Medium,In Review,,6
R-0569,2026-01-27,2026-01-29,2026-03-12,Harassment,Engineering,UK,Anonymous,Low,Resolved,42.0,3
R-0442,2025-11-26,2025-11-26,NaT,Harassment,Operations,US,Anonymous,Medium,In Review,,1
R-0583,2025-10-19,2025-10-20,2025-11-26,Safety Violation,Finance,US,Anonymous,Medium,Resolved,37.0,2
R-0733,2025-10-09,2025-10-10,2025-11-03,Retaliation,Operations,India,Anonymous,Medium,Resolved,24.0,2
R-0044,2026-01-16,2026-01-18,2026-01-28,Harassment,Sales,India,Named,,Resolved,10.0,1
R-0358,2026-06-13,2026-06-15,2026-06-25,Fraud/Misconduct,Engineering,Philippines,Anonymous,Critical,Resolved,10.0,0
R-0681,2025-09-23,2025-09-24,2025-12-21,Fraud/Misconduct,Operations,India,Named,Low,Resolved,88.0,5
R-0625,2026-08-09,2026-08-10,2026-09-08,Retaliation,Engineering,India,Anonymous,High,Resolved,29.0,1
R-0229,2026-04-17,2026-04-20,NaT,Retaliation,Operations,Philippines,Anonymous,Medium,Open,,4
R-0495,2026-06-02,2026-06-03,NaT,Discrimination,Operations,India,Named,Medium,In Review,,4
R-0006,2026-08-23,2026-08-26,2026-10-26,Harassment,Sales,India,Named,High,Resolved,61.0,4
R-0262,2026-06-06,2026-06-06,2026-06-25,Fraud/Misconduct,Operations,India,Named,High,Resolved,19.0,2
R-0366,2026-02-20,2026-02-22,2026-06-21,Fraud/Misconduct,Operations,India,Named,Low,Resolved,119.0,6
R-0778,2025-11-04,2025-11-04,2026-02-08,Other,Sales,India,Named,Low,Resolved,96.0,6
R-0748,2026-02-20,2026-02-22,2026-03-20,Other,HR,Philippines,Anonymous,Medium,Resolved,26.0,2
R-0670,2026-02-27,2026-02-28,2026-03-30,Other,HR,US,Named,Medium,Resolved,30.0,3
R-0785,2026-08-02,2026-08-05,2026-09-21,Discrimination,Finance,US,Anonymous,Low,Resolved,47.0,4
R-0319,2025-12-13,2025-12-16,2026-01-07,Harassment,Sales,US,Anonymous,High,Resolved,22.0,2
R-0118,2026-05-10,2026-05-12,NaT,Harassment,Customer Support,US,Anonymous,Medium,Open,,1
R-0718,2025-10-14,2025-10-16,NaT,Retaliation,Engineering,US,Named,High,In Review,,2
R-0694,2026-01-21,2026-01-24,NaT,Harassment,Operations,UK,Named,Medium,In Review,,2
R-0313,2025-11-30,2025-12-03,2026-04-10,Discrimination,Customer Support,Philippines,Anonymous,Medium,Resolved,128.0,6
R-0416,2025-12-09,2025-12-12,2026-06-10,Harassment,Customer Support,UK,Anonymous,Low,Resolved,180.0,6
R-0076,2025-12-29,2025-12-31,NaT,Safety Violation,Engineering,Philippines,Named,Medium,In Review,,5
R-0174,2026-08-08,2026-08-10,2026-09-09,Other,Finance,US,Anonymous,Medium,Resolved,30.0,3
R-0720,2026-08-20,2026-08-22,2026-09-23,Other,Customer Support,India,Named,Medium,Resolved,32.0,2
R-0052,2025-09-01,2025-09-01,2025-09-11,Harassment,Operations,India,Anonymous,Critical,Resolved,10.0,0
R-0513,2025-09-28,2025-09-28,NaT,Other,Operations,US,Anonymous,Medium,Dismissed,,2
R-0502,2026-07-18,2026-07-21,2026-10-03,Other,Sales,US,Named,Low,Resolved,74.0,5
R-0320,2026-08-12,2026-08-12,2026-12-24,Harassment,Sales,India,Named,Low,Resolved,134.0,6
R-0314,2026-01-22,2026-01-22,2026-02-06,Retaliation,Operations,India,Anonymous,Critical,Resolved,15.0,1
R-0236,2026-06-02,2026-06-04,2026-07-13,Other,Customer Support,India,Named,Low,Resolved,39.0,2
R-0397,2026-06-14,2026-06-17,NaT,Harassment,Operations,India,Anonymous,Medium,Open,,2
R-0739,2026-01-30,2026-01-30,2026-06-15,Safety Violation,Engineering,UK,Named,Low,Resolved,136.0,6
R-0593,2026-01-07,2026-01-10,2026-02-01,Harassment,HR,UK,Anonymous,High,Resolved,22.0,2
R-0746,2026-03-07,2026-03-10,2026-03-31,Other,Operations,Philippines,Named,High,Resolved,21.0,2
R-0094,2026-02-09,2026-02-10,2026-04-28,Safety Violation,Operations,UK,Anonymous,Low,Resolved,77.0,6
R-0693,2025-12-07,2025-12-10,2026-01-01,Fraud/Misconduct,Customer Support,India,Named,Medium,Resolved,22.0,2
R-0764,2025-10-04,2025-10-06,2025-11-14,Harassment,Engineering,Philippines,Anonymous,Medium,Resolved,39.0,3
R-0435,2025-09-30,2025-10-01,2025-10-16,Other,Engineering,India,Named,Medium,Resolved,15.0,2
R-0508,2026-07-02,2026-07-04,NaT,Safety Violation,Engineering,US,Named,Low,In Review,,6
R-0633,2025-09-29,2025-09-30,2025-11-29,Fraud/Misconduct,HR,US,Named,Low,Resolved,60.0,4
R-0149,2026-02-22,2026-02-24,2026-03-03,Safety Violation,HR,India,Named,High,Resolved,7.0,1
R-0556,2025-12-14,2025-12-15,2026-02-08,Fraud/Misconduct,Sales,India,Named,Low,Resolved,55.0,4
R-0250,2026-02-02,2026-02-03,2026-03-10,Harassment,Sales,India,Anonymous,Medium,Resolved,35.0,2
R-0341,2025-10-05,2025-10-05,NaT,Other,Sales,India,Anonymous,Low,Dismissed,,4
R-0605,2026-08-10,2026-08-13,2026-12-22,Discrimination,Finance,US,Anonymous,Low,Resolved,131.0,6
R-0201,2026-05-30,2026-05-31,2026-07-20,Fraud/Misconduct,Customer Support,India,Anonymous,Medium,Resolved,50.0,3
R-0520,2026-06-19,2026-06-20,2026-07-14,Other,Sales,UK,Anonymous,Medium,Resolved,24.0,2
R-0092,2026-05-25,2026-05-25,2026-06-24,Discrimination,HR,UK,Named,High,Resolved,30.0,2
R-0221,2026-01-08,2026-01-11,2026-04-09,Discrimination,Sales,US,Anonymous,Low,Resolved,88.0,5
R-0029,2025-11-11,2025-11-14,2026-02-26,Other,Customer Support,UK,Named,Low,Resolved,104.0,6
R-0464,2026-01-20,2026-01-21,2026-06-04,Harassment,Operations,UK,Anonymous,High,Resolved,134.0,6
R-0073,2026-07-06,2026-07-08,NaT,Safety Violation,Engineering,India,Anonymous,Medium,In Review,,1
R-0527,2026-08-06,2026-08-09,2026-09-29,Safety Violation,Sales,UK,Named,Low,Resolved,51.0,3
R-0775,2025-09-21,2025-09-24,NaT,Harassment,Sales,UK,Named,Medium,Dismissed,,1
R-0281,2025-09-12,2025-09-15,2025-11-04,Fraud/Misconduct,Engineering,US,Anonymous,Critical,Resolved,50.0,3
R-0090,2026-03-02,2026-03-04,2026-05-21,Fraud/Misconduct,Engineering,India,Anonymous,Medium,Resolved,78.0,6
R-0554,2026-07-14,2026-07-16,2026-07-22,Other,Sales,UK,Named,Critical,Resolved,6.0,1
R-0699,2026-05-05,2026-05-06,2026-05-31,Harassment,Sales,UK,Anonymous,High,Resolved,25.0,1
R-0183,2026-02-28,2026-03-02,NaT,Fraud/Misconduct,Engineering,Philippines,Named,High,In Review,,2
R-0176,2025-09-04,2025-09-05,2025-10-27,Harassment,Customer Support,UK,Anonymous,Medium,Resolved,52.0,3
R-0336,2026-04-03,2026-04-06,NaT,Fraud/Misconduct,Customer Support,India,Named,High,In Review,,3
R-0519,2025-09-17,2025-09-18,2025-09-28,Discrimination,Engineering,India,Anonymous,Critical,Resolved,10.0,0
R-0687,2026-02-25,2026-02-28,2026-03-03,Harassment,Operations,Philippines,Anonymous,High,Resolved,3.0,0
R-0271,2025-09-02,2025-09-02,2025-12-29,Other,Engineering,India,Named,Low,Resolved,118.0,6
R-0457,2026-08-19,2026-08-20,NaT,Safety Violation,Engineering,India,Named,Medium,Open,,1
R-0727,2025-12-10,2025-12-11,NaT,Safety Violation,Engineering,India,Named,Medium,In Review,,1
R-0110,2026-07-04,2026-07-07,2026-08-28,Other,Operations,US,Anonymous,Medium,Resolved,52.0,4
R-0696,2026-03-24,2026-03-27,NaT,Harassment,Customer Support,India,Anonymous,High,In Review,,1
R-0596,2025-12-24,2025-12-27,2026-03-10,Safety Violation,Finance,UK,Named,Low,Resolved,73.0,4
R-0509,2026-03-08,2026-03-10,2026-05-08,Other,Operations,Philippines,Named,Medium,Resolved,59.0,3
R-0323,2026-01-23,2026-01-26,2026-06-13,Other,Sales,India,Anonymous,Low,Resolved,138.0,6
R-0081,2026-05-27,2026-05-28,NaT,Safety Violation,Engineering,US,Anonymous,Medium,Dismissed,,6
R-0516,2025-11-06,2025-11-06,2025-12-12,Retaliation,Engineering,India,Named,High,Resolved,36.0,2
R-0680,2026-01-19,2026-01-21,2026-02-25,Fraud/Misconduct,Operations,US,Anonymous,High,Resolved,35.0,3
R-0334,2026-07-26,2026-07-27,2026-10-18,Discrimination,Engineering,India,Anonymous,Low,Resolved,83.0,5
R-0507,2026-01-21,2026-01-24,NaT,Harassment,Engineering,US,Named,Critical,In Review,,0
R-0064,2026-06-14,2026-06-14,NaT,Other,Engineering,US,Anonymous,Critical,In Review,,1
R-0062,2026-03-18,2026-03-21,2026-04-08,Safety Violation,Operations,Philippines,Anonymous,Medium,Resolved,18.0,2
R-0373,2026-01-19,2026-01-21,2026-03-23,Fraud/Misconduct,Customer Support,UK,Anonymous,Low,Resolved,61.0,4
R-0279,2026-07-19,2026-07-21,2027-01-17,Fraud/Misconduct,Operations,India,Named,Low,Resolved,180.0,6
R-0654,2025-12-15,2025-12-18,2026-01-12,Retaliation,Engineering,UK,Named,Low,Resolved,25.0,1
R-0226,2026-08-24,2026-08-26,2026-11-24,Safety Violation,Engineering,UK,Anonymous,Medium,Resolved,90.0,6
R-0280,2026-07-01,2026-07-04,NaT,Fraud/Misconduct,Sales,India,Named,High,Dismissed,,2
R-0655,2026-07-06,2026-07-07,2026-07-18,Other,HR,US,Named,High,Resolved,11.0,1
R-0338,2026-05-15,2026-05-17,2026-08-21,Retaliation,Engineering,UK,Anonymous,Low,Resolved,96.0,6
R-0228,2026-04-28,2026-04-29,NaT,Harassment,Customer Support,India,Anonymous,Medium,In Review,,1
R-0187,2026-02-03,2026-02-05,2026-04-22,Discrimination,Engineering,Philippines,Named,Medium,Resolved,76.0,6
R-0009,2025-10-08,2025-10-11,2025-11-07,Safety Violation,Engineering,India,Anonymous,High,Resolved,27.0,2
R-0086,2025-10-16,2025-10-17,2025-11-25,Other,Engineering,India,Anonymous,Low,Resolved,39.0,2
R-0043,2026-05-12,2026-05-14,2026-07-28,Safety Violation,Operations,US,Named,High,Resolved,75.0,5
R-0758,2026-08-03,2026-08-05,2026-08-23,Harassment,Finance,India,Anonymous,High,Resolved,18.0,2
R-0571,2025-12-30,2026-01-01,NaT,Fraud/Misconduct,Finance,Philippines,Anonymous,Medium,In Review,,2
R-0661,2025-11-30,2025-12-01,2026-04-08,Fraud/Misconduct,Operations,Philippines,Named,Low,Resolved,128.0,6
R-0097,2026-01-13,2026-01-16,NaT,Harassment,HR,India,Anonymous,Medium,Dismissed,,0
R-0342,2026-08-04,2026-08-07,2026-10-28,Safety Violation,Engineering,India,Anonymous,Low,Resolved,82.0,5
R-0715,2026-06-04,2026-06-05,2026-09-20,Harassment,Finance,India,Named,Low,Resolved,107.0,6
R-0157,2025-12-10,2025-12-12,2026-02-03,Fraud/Misconduct,Engineering,India,Anonymous,High,Resolved,53.0,3
R-0034,2026-02-24,2026-02-25,2026-04-01,Discrimination,Customer Support,India,Anonymous,Medium,Resolved,35.0,2
R-0609,2026-05-06,2026-05-07,2026-06-13,Safety Violation,Operations,India,Named,High,Resolved,37.0,3
R-0122,2026-05-21,2026-05-22,2026-08-13,Fraud/Misconduct,Engineering,UK,Anonymous,Medium,Resolved,83.0,5
R-0717,2026-04-01,2026-04-03,NaT,Discrimination,Operations,Philippines,Anonymous,Medium,In Review,,0
R-0212,2026-04-18,2026-04-21,NaT,Other,Finance,India,Named,Medium,In Review,,4
R-0294,2025-10-22,2025-10-22,2025-12-10,Retaliation,HR,UK,Anonymous,Critical,Resolved,49.0,4
R-0678,2026-03-01,2026-03-01,2026-04-22,Safety Violation,Finance,Philippines,Named,Low,Resolved,52.0,4
R-0665,2026-01-02,2026-01-03,2026-01-27,Discrimination,Customer Support,US,Anonymous,Critical,Resolved,24.0,1
R-0584,2026-02-17,2026-02-20,NaT,Harassment,Operations,UK,Anonymous,Medium,Open,,6
R-0237,2026-03-28,2026-03-31,NaT,Harassment,Operations,US,Anonymous,Medium,In Review,,5
R-0165,2026-04-16,2026-04-17,NaT,Fraud/Misconduct,Sales,India,Named,Low,Open,,5
R-0585,2026-07-17,2026-07-19,2027-01-01,Safety Violation,Engineering,Philippines,Anonymous,Medium,Resolved,166.0,6
R-0394,2026-05-18,2026-05-19,2026-06-14,Safety Violation,Operations,India,Anonymous,Critical,Resolved,26.0,1
R-0479,2026-04-06,2026-04-06,NaT,Other,Sales,India,Anonymous,Medium,In Review,,2
R-0283,2025-12-05,2025-12-07,2026-01-18,Fraud/Misconduct,Operations,US,Anonymous,High,Resolved,42.0,3
R-0365,2026-05-23,2026-05-24,NaT,Retaliation,Operations,India,Anonymous,Medium,Open,,2
R-0235,2026-08-09,2026-08-12,2026-10-04,Harassment,HR,India,Anonymous,High,Resolved,53.0,4
R-0311,2026-03-02,2026-03-02,2026-03-19,Harassment,Sales,UK,Named,High,Resolved,17.0,1
R-0180,2026-06-18,2026-06-21,NaT,Fraud/Misconduct,Finance,Philippines,Named,Low,In Review,,4
R-0400,2026-02-06,2026-02-06,2026-03-07,Safety Violation,Finance,India,Named,High,Resolved,29.0,2
R-0648,2026-03-05,2026-03-08,2026-04-05,Discrimination,Customer Support,India,Named,High,Resolved,28.0,2
R-0309,2025-12-01,2025-12-04,NaT,Harassment,Engineering,UK,Anonymous,Medium,In Review,,6
R-0070,2026-02-19,2026-02-20,2026-04-11,Fraud/Misconduct,Engineering,UK,Anonymous,Low,Resolved,50.0,3
R-0272,2025-11-06,2025-11-08,2025-11-21,Harassment,HR,India,Anonymous,Medium,Resolved,13.0,0
R-0453,2026-05-09,2026-05-12,2026-07-28,Safety Violation,Sales,UK,Named,High,Resolved,77.0,6
R-0754,2026-03-13,2026-03-13,2026-06-29,Other,Operations,India,Anonymous,Low,Resolved,108.0,6
R-0024,2026-06-28,2026-06-30,2026-12-27,Discrimination,HR,US,Anonymous,Low,Resolved,180.0,6
R-0725,2025-10-23,2025-10-23,2025-12-28,Safety Violation,Operations,India,Anonymous,Medium,Resolved,66.0,4
R-0293,2026-08-23,2026-08-26,2026-11-18,Discrimination,Customer Support,UK,Named,High,Resolved,84.0,6
R-0512,2026-07-18,2026-07-20,2026-09-04,Safety Violation,Finance,US,Named,Medium,Resolved,46.0,3
R-0750,2026-07-13,2026-07-14,2026-08-20,Other,Customer Support,US,Anonymous,Low,Resolved,37.0,3
R-0352,2025-11-18,2025-11-21,2025-12-30,Fraud/Misconduct,Operations,Philippines,Named,Medium,Resolved,39.0,3
R-0059,2025-10-26,2025-10-27,2025-12-19,Fraud/Misconduct,Customer Support,Philippines,Anonymous,Low,Resolved,53.0,4
R-0698,2026-04-13,2026-04-14,NaT,Safety Violation,Customer Support,UK,Anonymous,Medium,In Review,,2
R-0787,2026-06-26,2026-06-28,2026-08-03,Safety Violation,Sales,India,Named,Low,Resolved,36.0,3
R-0080,2026-06-13,2026-06-15,2026-06-21,Fraud/Misconduct,Engineering,India,Anonymous,Critical,Resolved,6.0,1
R-0266,2025-11-12,2025-11-13,NaT,Discrimination,Operations,India,Anonymous,Medium,In Review,,4
R-0322,2026-03-16,2026-03-17,2026-04-18,Fraud/Misconduct,Sales,Philippines,Anonymous,Medium,Resolved,32.0,2
R-0603,2026-06-29,2026-07-02,NaT,Harassment,Operations,India,Anonymous,High,In Review,,1
R-0774,2026-07-09,2026-07-11,NaT,Safety Violation,Operations,India,Anonymous,Low,Dismissed,,5
R-0381,2026-04-18,2026-04-20,2026-05-18,Other,Finance,India,Named,Medium,Resolved,28.0,2
R-0093,2026-02-17,2026-02-20,NaT,Fraud/Misconduct,Operations,India,Named,Critical,In Review,,0
R-0581,2026-03-20,2026-03-22,NaT,Harassment,Sales,US,Anonymous,Critical,Dismissed,,3
R-0601,2026-03-10,2026-03-11,2026-05-18,Discrimination,Engineering,India,Anonymous,Low,Resolved,68.0,5
R-0672,2026-04-08,2026-04-10,2026-08-17,Fraud/Misconduct,Operations,UK,Anonymous,Medium,Resolved,129.0,6
R-0148,2026-03-11,2026-03-12,NaT,Safety Violation,Customer Support,Philippines,Named,Low,In Review,,6
R-0252,2026-07-05,2026-07-06,2026-07-23,Discrimination,Engineering,India,Named,High,Resolved,17.0,2
R-0494,2026-01-04,2026-01-07,NaT,Retaliation,Operations,India,Named,Medium,In Review,,2
R-0685,2026-04-19,2026-04-19,2026-05-02,Safety Violation,Operations,Philippines,Anonymous,Critical,Resolved,13.0,0
R-0213,2025-11-20,2025-11-23,2025-12-29,Other,Customer Support,UK,Named,Medium,Resolved,36.0,3
R-0441,2026-07-06,2026-07-07,2026-07-02,Retaliation,Finance,India,Named,Critical,Resolved,-5.0,1
R-0391,2026-04-14,2026-04-15,2026-07-24,Harassment,Engineering,Philippines,Anonymous,Medium,Resolved,100.0,6
R-0649,2026-05-03,2026-05-03,2026-06-16,Safety Violation,Sales,India,Named,Low,Resolved,44.0,3
R-0744,2025-09-23,2025-09-23,2025-09-27,Harassment,Engineering,India,Named,Critical,Resolved,4.0,1
R-0331,2026-05-01,2026-05-04,2026-05-20,Safety Violation,Operations,UK,Named,Medium,Resolved,16.0,1
R-0612,2026-05-22,2026-05-22,2026-06-14,Fraud/Misconduct,Engineering,India,Named,Medium,Resolved,23.0,2
R-0277,2026-01-05,2026-01-08,2026-03-05,Fraud/Misconduct,Sales,India,Named,Low,Resolved,56.0,4
R-0719,2026-05-24,2026-05-25,NaT,Fraud/Misconduct,Operations,Philippines,Anonymous,Low,Open,,1
R-0645,2026-04-20,2026-04-23,2026-05-22,Harassment,Finance,US,Anonymous,Medium,Resolved,29.0,2
R-0540,2026-07-10,2026-07-11,2026-08-04,Retaliation,Operations,US,Anonymous,Medium,Resolved,24.0,2
R-0390,2026-07-25,2026-07-27,2026-09-08,Harassment,Sales,Philippines,Anonymous,High,Resolved,43.0,2
R-0449,2025-09-23,2025-09-23,2025-12-14,Other,Finance,India,Named,Low,Resolved,82.0,5
R-0794,2025-10-07,2025-10-08,NaT,Harassment,Engineering,US,Named,High,Open,,4
R-0548,2025-10-29,2025-10-30,NaT,Fraud/Misconduct,Operations,US,Anonymous,High,Dismissed,,1
R-0013,2026-04-19,2026-04-19,NaT,Fraud/Misconduct,Operations,UK,Anonymous,High,Dismissed,,1
R-0478,2026-04-12,2026-04-14,2026-05-28,Fraud/Misconduct,Operations,UK,Anonymous,Medium,Resolved,44.0,3
R-0304,2026-03-07,2026-03-08,2026-05-08,Fraud/Misconduct,Customer Support,UK,Anonymous,Medium,Resolved,61.0,5
R-0488,2025-11-19,2025-11-22,2025-11-21,Fraud/Misconduct,Operations,UK,Named,Medium,Resolved,-5.0,2
R-0576,2026-03-22,2026-03-22,2026-06-12,Fraud/Misconduct,Operations,UK,Named,Medium,Resolved,82.0,5
R-0760,2026-03-06,2026-03-08,2026-03-28,Discrimination,Operations,US,Anonymous,Medium,Resolved,20.0,2
R-0020,2026-04-28,2026-04-30,2026-05-19,Harassment,Finance,Philippines,Anonymous,High,Resolved,19.0,2
R-0325,2026-07-08,2026-07-09,2026-10-25,Discrimination,Engineering,India,Anonymous,Low,Resolved,108.0,6
R-0261,2025-10-23,2025-10-24,2025-12-03,Retaliation,Operations,UK,Anonymous,High,Resolved,40.0,3
R-0667,2026-06-18,2026-06-18,NaT,Other,Operations,India,Named,Medium,In Review,,6
R-0410,2026-08-15,2026-08-17,2026-08-29,Fraud/Misconduct,Engineering,UK,Named,Medium,Resolved,12.0,0
R-0401,2026-01-25,2026-01-27,2026-02-25,Other,Customer Support,US,Named,Medium,Resolved,29.0,2
R-0791,2025-11-13,2025-11-15,2025-11-26,Harassment,Customer Support,India,Named,High,Resolved,11.0,0
R-0055,2026-05-03,2026-05-05,NaT,Harassment,Customer Support,India,Anonymous,High,In Review,,2
R-0701,2025-12-08,2025-12-11,NaT,Fraud/Misconduct,Sales,UK,Named,Medium,In Review,,4
R-0151,2026-06-25,2026-06-26,NaT,Retaliation,Engineering,India,Anonymous,Low,Open,,6
R-0542,2026-04-25,2026-04-26,2026-05-22,Safety Violation,Customer Support,UK,Named,Low,Resolved,26.0,2
R-0558,2026-03-18,2026-03-18,2026-05-24,Other,Operations,India,Anonymous,Low,Resolved,67.0,5
R-0660,2026-02-27,2026-03-01,2026-06-28,Safety Violation,Customer Support,India,Anonymous,Low,Resolved,119.0,6
R-0107,2026-02-27,2026-03-01,NaT,Fraud/Misconduct,HR,India,Named,Medium,Dismissed,,2
R-0692,2026-07-07,2026-07-07,2026-08-03,Retaliation,Engineering,India,Anonymous,High,Resolved,27.0,2
R-0025,2026-06-14,2026-06-14,2026-07-17,Harassment,HR,US,Anonymous,,Resolved,33.0,3
R-0640,2026-07-24,2026-07-26,2026-10-06,Retaliation,Operations,US,Anonymous,High,Resolved,72.0,5
R-0083,2026-05-30,2026-05-31,NaT,Fraud/Misconduct,Operations,India,Named,High,Dismissed,,3
R-0663,2025-10-31,2025-10-31,2025-12-20,Other,Engineering,India,Anonymous,Medium,Resolved,50.0,3
R-0679,2025-10-12,2025-10-12,2025-10-23,Fraud/Misconduct,Finance,India,Named,Medium,Resolved,11.0,0
R-0380,2026-05-22,2026-05-25,NaT,Other,Operations,US,Named,Medium,In Review,,2
R-0077,2025-12-04,2025-12-06,2025-12-29,Harassment,Sales,India,Named,High,Resolved,23.0,2
R-0389,2025-10-07,2025-10-07,2025-11-30,Safety Violation,Engineering,Philippines,Named,Low,Resolved,54.0,3
R-0407,2025-12-13,2025-12-15,2026-01-22,Other,Engineering,UK,Named,Medium,Resolved,38.0,3
R-0292,2025-09-08,2025-09-11,2025-10-29,Other,Finance,US,Named,Low,Resolved,48.0,3
R-0111,2026-03-10,2026-03-13,2026-04-15,Safety Violation,Customer Support,Philippines,Named,Medium,Resolved,33.0,2
R-0797,2025-09-29,2025-10-02,2025-12-09,Safety Violation,Finance,India,Named,Medium,Resolved,68.0,4
R-0247,2026-04-11,2026-04-12,NaT,Other,Operations,US,Anonymous,High,In Review,,4
R-0146,2025-12-29,2025-12-30,2026-01-21,Discrimination,Sales,US,Named,Low,Resolved,22.0,1
R-0129,2025-10-14,2025-10-14,2025-10-28,Safety Violation,Sales,US,Anonymous,Low,Resolved,14.0,1
R-0767,2025-11-10,2025-11-12,NaT,Retaliation,Finance,UK,Anonymous,Medium,In Review,,1
R-0747,2026-01-08,2026-01-11,2026-01-30,Harassment,Operations,US,Anonymous,Critical,Resolved,19.0,1
R-0487,2026-03-21,2026-03-21,2026-07-02,Fraud/Misconduct,Operations,UK,Named,Low,Resolved,103.0,6
R-0799,2026-05-06,2026-05-09,NaT,Other,HR,India,Named,High,Open,,5
R-0091,2025-10-24,2025-10-27,2025-11-08,Fraud/Misconduct,Engineering,India,Anonymous,Medium,Resolved,12.0,0
R-0206,2025-12-01,2025-12-03,2026-01-30,Safety Violation,Customer Support,India,Named,Medium,Resolved,58.0,4
R-0771,2025-12-01,2025-12-04,2025-12-20,Safety Violation,Customer Support,India,Anonymous,High,Resolved,16.0,1
R-0171,2025-12-10,2025-12-13,2026-03-29,Harassment,Operations,Philippines,Anonymous,Medium,Resolved,106.0,6
R-0057,2026-03-25,2026-03-25,2026-06-23,Retaliation,Operations,India,Named,Low,Resolved,90.0,6
R-0405,2026-08-20,2026-08-21,2026-09-23,Safety Violation,Finance,UK,Named,High,Resolved,33.0,3
R-0242,2026-05-31,2026-06-03,NaT,Harassment,Finance,UK,Anonymous,Low,In Review,,6
R-0347,2026-08-01,2026-08-01,NaT,Safety Violation,Customer Support,India,Named,Medium,Dismissed,,5
R-0098,2025-10-05,2025-10-05,2026-01-13,Harassment,Engineering,India,Anonymous,Medium,Resolved,100.0,6
R-0117,2026-06-17,2026-06-18,2026-07-19,Fraud/Misconduct,Sales,US,Anonymous,Medium,Resolved,31.0,3
R-0202,2026-08-11,2026-08-13,2026-09-01,Harassment,Operations,India,Named,Critical,Resolved,19.0,2
R-0700,2025-12-26,2025-12-27,2025-12-30,Harassment,Customer Support,US,Named,Critical,Resolved,3.0,0
R-0480,2026-02-01,2026-02-03,2026-02-27,Fraud/Misconduct,Engineering,UK,Named,Medium,Resolved,24.0,1
R-0324,2026-03-13,2026-03-16,2026-03-25,Retaliation,Operations,Philippines,Anonymous,High,Resolved,9.0,0
R-0194,2026-06-06,2026-06-09,2026-08-19,Harassment,Operations,India,Anonymous,Medium,Resolved,71.0,4
R-0444,2025-11-22,2025-11-23,2026-05-05,Harassment,Sales,Philippines,Anonymous,Medium,Resolved,163.0,6
R-0455,2025-10-22,2025-10-25,2025-12-26,Other,Engineering,US,Named,Low,Resolved,62.0,5
R-0529,2026-05-30,2026-05-30,NaT,Harassment,Operations,US,Named,High,Open,,2
R-0631,2026-08-15,2026-08-15,2026-09-22,Fraud/Misconduct,Operations,Philippines,Anonymous,Low,Resolved,38.0,2
R-0551,2026-03-09,2026-03-12,2026-04-22,Discrimination,Engineering,India,Anonymous,Low,Resolved,41.0,2
R-0641,2026-05-05,2026-05-05,2026-11-01,Harassment,Sales,US,Anonymous,Medium,Resolved,180.0,6
R-0796,2026-01-18,2026-01-18,2026-01-29,Retaliation,HR,India,Anonymous,Critical,Resolved,11.0,0
R-0781,2025-12-05,2025-12-06,2026-01-01,Other,Customer Support,UK,Anonymous,Medium,Resolved,26.0,1
R-0297,2026-08-14,2026-08-14,NaT,Other,Engineering,India,Named,Medium,Dismissed,,1
R-0706,2026-04-01,2026-04-02,NaT,Fraud/Misconduct,Operations,India,Anonymous,Medium,Open,,2
R-0646,2026-07-22,2026-07-24,NaT,Discrimination,Sales,India,Named,Critical,In Review,,0
R-0396,2026-02-28,2026-03-02,2026-05-07,Discrimination,Sales,India,Named,Low,Resolved,66.0,5
R-0427,2025-12-18,2025-12-18,2026-02-26,Safety Violation,Operations,US,Anonymous,Low,Resolved,70.0,5
R-0784,2026-04-10,2026-04-12,2026-05-26,Safety Violation,Customer Support,UK,Anonymous,Medium,Resolved,44.0,2
R-0560,2026-03-10,2026-03-13,2026-04-19,Other,Operations,India,Anonymous,High,Resolved,37.0,3
R-0526,2026-01-06,2026-01-09,NaT,Harassment,Customer Support,India,Anonymous,Medium,Open,,0
R-0770,2026-04-04,2026-04-04,NaT,Fraud/Misconduct,Sales,India,Named,Medium,In Review,,3
R-0015,2026-01-30,2026-01-31,2026-03-24,Safety Violation,Engineering,UK,Named,Low,Resolved,52.0,4
R-0253,2026-03-13,2026-03-16,NaT,Other,Operations,India,Anonymous,Low,In Review,,6
R-0239,2025-09-07,2025-09-10,NaT,Other,Engineering,US,Anonymous,Low,Open,,3
R-0121,2026-04-01,2026-04-02,2026-06-05,Fraud/Misconduct,HR,UK,Anonymous,Low,Resolved,64.0,4
R-0286,2026-02-03,2026-02-06,NaT,Harassment,Sales,India,Anonymous,Medium,Open,,2
R-0555,2025-09-22,2025-09-22,2026-02-26,Safety Violation,Operations,UK,Anonymous,Low,Resolved,157.0,6
R-0197,2026-04-28,2026-04-28,2026-06-04,Fraud/Misconduct,Operations,UK,Anonymous,Medium,Resolved,37.0,3
R-0346,2026-06-01,2026-06-03,2026-07-18,Safety Violation,Operations,Philippines,Anonymous,Low,Resolved,45.0,4
R-0546,2026-02-11,2026-02-11,2026-03-02,Discrimination,Operations,India,Anonymous,High,Resolved,19.0,1
R-0251,2026-05-01,2026-05-02,2026-05-27,Other,Finance,India,Named,High,Resolved,25.0,2
R-0650,2025-09-13,2025-09-15,2025-09-21,Retaliation,Customer Support,US,Named,Critical,Resolved,6.0,1
R-0413,2025-10-05,2025-10-08,2025-10-27,Retaliation,Customer Support,Philippines,Anonymous,High,Resolved,19.0,1
R-0486,2026-02-17,2026-02-19,2026-03-10,Safety Violation,Operations,Philippines,Anonymous,High,Resolved,19.0,1
R-0431,2026-08-13,2026-08-13,2026-09-28,Fraud/Misconduct,Operations,UK,Named,Medium,Resolved,46.0,4
R-0675,2026-04-04,2026-04-05,2026-04-10,Other,Operations,India,Named,Critical,Resolved,5.0,0
R-0291,2026-07-03,2026-07-05,2026-07-23,Harassment,Finance,India,Named,Medium,Resolved,18.0,1
R-0017,2026-04-22,2026-04-25,2026-08-09,Safety Violation,Sales,India,Anonymous,Medium,Resolved,106.0,6
R-0159,2026-05-16,2026-05-17,2026-07-27,Discrimination,Sales,Philippines,Anonymous,Low,Resolved,71.0,4
R-0244,2026-03-25,2026-03-25,2026-06-14,Harassment,Operations,UK,Anonymous,Low,Resolved,81.0,6
R-0067,2026-04-21,2026-04-22,2026-06-26,Harassment,Sales,India,Anonymous,Medium,Resolved,65.0,5
R-0360,2026-04-04,2026-04-04,2026-04-15,Other,Sales,India,Anonymous,Critical,Resolved,11.0,1
R-0752,2026-01-21,2026-01-23,2026-01-14,Harassment,Operations,India,Anonymous,Low,Resolved,-1.0,5
R-0505,2026-03-26,2026-03-29,2026-06-15,Fraud/Misconduct,Customer Support,Philippines,Anonymous,High,Resolved,78.0,5
R-0473,2025-10-13,2025-10-15,2025-10-21,Retaliation,Operations,India,Named,High,Resolved,6.0,0
R-0578,2026-04-13,2026-04-15,2026-10-12,Fraud/Misconduct,Finance,Philippines,Named,Low,Resolved,180.0,6
R-0522,2026-02-26,2026-02-28,2026-03-28,Safety Violation,Operations,US,Named,Low,Resolved,28.0,2
R-0690,2026-03-12,2026-03-12,2026-04-15,Fraud/Misconduct,Operations,UK,Anonymous,Low,Resolved,34.0,3
R-0531,2026-05-20,2026-05-22,2026-06-21,Other,HR,US,Named,High,Resolved,30.0,3
R-0409,2025-10-24,2025-10-26,2025-12-19,Fraud/Misconduct,Engineering,India,Anonymous,Medium,Resolved,54.0,3
R-0688,2026-08-21,2026-08-22,2026-09-15,Harassment,Customer Support,India,Anonymous,Medium,Resolved,24.0,1
R-0433,2026-05-01,2026-05-02,2026-05-22,Discrimination,Operations,UK,Anonymous,Medium,Resolved,20.0,1
R-0432,2026-06-03,2026-06-04,2026-07-29,Other,Engineering,India,Named,Low,Resolved,55.0,4
R-0485,2025-09-04,2025-09-05,2025-09-20,Harassment,Engineering,UK,Named,Critical,Resolved,15.0,2
R-0152,2026-07-24,2026-07-26,NaT,Other,Customer Support,UK,Anonymous,Medium,In Review,,3
R-0328,2026-03-03,2026-03-06,2026-05-16,Fraud/Misconduct,Engineering,US,Anonymous,Low,Resolved,71.0,5
R-0257,2026-06-09,2026-06-09,2026-06-26,Safety Violation,Operations,US,Named,High,Resolved,17.0,1
R-0312,2026-02-24,2026-02-26,2026-03-16,Harassment,Sales,UK,Anonymous,Medium,Resolved,18.0,2
R-0305,2026-07-07,2026-07-08,NaT,Other,Operations,India,Anonymous,Low,Open,,6
R-0414,2026-07-25,2026-07-27,2026-08-08,Safety Violation,Operations,India,Named,Critical,Resolved,12.0,0
R-0134,2026-01-24,2026-01-24,2026-02-06,Other,Finance,UK,Named,Medium,Resolved,13.0,0
R-0032,2026-08-23,2026-08-23,NaT,Fraud/Misconduct,Operations,Philippines,Anonymous,High,Open,,5
R-0459,2026-06-09,2026-06-10,2026-07-10,Safety Violation,Operations,India,Anonymous,Low,Resolved,30.0,3
R-0162,2026-07-10,2026-07-12,2026-11-12,Safety Violation,HR,India,Anonymous,Low,Resolved,123.0,6
R-0340,2026-08-03,2026-08-05,2026-09-01,Fraud/Misconduct,Sales,India,Anonymous,Medium,Resolved,27.0,2
R-0287,2025-09-20,2025-09-21,NaT,Other,Engineering,Philippines,Named,Low,Open,,1
R-0249,2026-02-13,2026-02-13,2026-03-19,Discrimination,Finance,India,Anonymous,Medium,Resolved,34.0,3
R-0772,2026-04-23,2026-04-25,2026-05-13,Other,Engineering,India,Named,Medium,Resolved,18.0,1
R-0580,2026-01-12,2026-01-13,2026-02-05,Fraud/Misconduct,HR,Philippines,Named,,Resolved,23.0,1
R-0657,2026-07-21,2026-07-21,2026-09-21,Safety Violation,Finance,India,Anonymous,Medium,Resolved,62.0,4
R-0002,2026-02-20,2026-02-22,2026-03-26,Fraud/Misconduct,Operations,India,Anonymous,High,Resolved,32.0,2
R-0208,2026-05-13,2026-05-15,2026-06-10,Harassment,Engineering,UK,Anonymous,Medium,Resolved,26.0,1
R-0630,2026-06-27,2026-06-29,NaT,Fraud/Misconduct,Customer Support,India,Anonymous,Low,In Review,,3
R-0736,2026-05-15,2026-05-17,2026-06-08,Harassment,Customer Support,India,Anonymous,High,Resolved,22.0,1
R-0677,2026-07-04,2026-07-05,2026-08-10,Safety Violation,Customer Support,India,Named,Medium,Resolved,36.0,2
R-0265,2026-08-22,2026-08-23,2026-11-13,Discrimination,Sales,Philippines,Anonymous,Medium,Resolved,82.0,5
R-0275,2026-05-11,2026-05-13,2026-06-01,Fraud/Misconduct,Finance,Philippines,Named,Medium,Resolved,19.0,1
R-0071,2025-11-22,2025-11-23,NaT,Other,Operations,India,Named,High,Dismissed,,2
R-0445,2025-12-08,2025-12-11,2025-12-24,Harassment,Engineering,UK,Anonymous,Medium,Resolved,13.0,0
R-0666,2026-05-01,2026-05-04,2026-06-25,Other,Customer Support,UK,Named,Medium,Resolved,52.0,3
R-0099,2025-10-11,2025-10-14,2025-10-23,Retaliation,Operations,India,Anonymous,Critical,Resolved,9.0,0
R-0682,2025-11-10,2025-11-12,2026-01-22,Discrimination,Customer Support,India,Named,Medium,Resolved,71.0,5
R-0022,2025-12-30,2026-01-02,2026-02-09,Harassment,Operations,India,Anonymous,Medium,Resolved,38.0,2
R-0415,2025-09-20,2025-09-21,2025-11-22,Other,Engineering,UK,Named,Medium,Resolved,62.0,4
R-0518,2026-06-14,2026-06-15,NaT,Discrimination,Engineering,Philippines,Anonymous,Medium,Dismissed,,3
R-0150,2025-09-22,2025-09-25,2025-11-22,Harassment,Finance,India,Anonymous,Medium,Resolved,58.0,3
R-0355,2026-03-29,2026-03-30,2026-04-13,Safety Violation,Engineering,India,Named,Critical,Resolved,14.0,1
R-0773,2026-03-31,2026-04-03,2026-04-26,Retaliation,Sales,UK,Named,High,Resolved,23.0,2
R-0053,2026-05-30,2026-05-30,2026-07-06,Harassment,Customer Support,India,Anonymous,High,Resolved,37.0,2
R-0199,2025-11-14,2025-11-16,2025-12-12,Fraud/Misconduct,HR,India,Anonymous,Medium,Resolved,26.0,2
R-0123,2025-10-20,2025-10-23,NaT,Harassment,Engineering,Philippines,Anonymous,High,Open,,0
R-0204,2025-10-08,2025-10-10,2025-11-26,Safety Violation,Customer Support,India,Anonymous,Medium,Resolved,47.0,3
R-0068,2026-01-19,2026-01-21,NaT,Other,Operations,India,Named,Medium,Open,,3
R-0224,2026-08-23,2026-08-25,2026-09-04,Safety Violation,Operations,India,Anonymous,High,Resolved,10.0,1
R-0128,2025-10-18,2025-10-18,NaT,Fraud/Misconduct,Operations,India,Anonymous,Medium,Open,,2
R-0656,2026-01-19,2026-01-19,NaT,Other,Customer Support,India,Named,Low,In Review,,3
R-0140,2025-10-07,2025-10-08,2025-11-14,Safety Violation,Engineering,India,Named,Medium,Resolved,37.0,2
R-0418,2026-06-19,2026-06-22,NaT,Fraud/Misconduct,Engineering,UK,Anonymous,Medium,In Review,,1
R-0219,2026-08-01,2026-08-02,2026-08-26,Other,Sales,US,Named,Medium,Resolved,24.0,1
R-0547,2026-02-03,2026-02-06,2026-02-15,Retaliation,Customer Support,India,Named,High,Resolved,9.0,1
R-0158,2026-05-17,2026-05-18,2026-06-12,Fraud/Misconduct,Engineering,India,Anonymous,High,Resolved,25.0,1
R-0095,2026-01-03,2026-01-05,NaT,Safety Violation,HR,US,Named,Low,In Review,,3
R-0256,2026-06-23,2026-06-24,2026-06-30,Harassment,Operations,India,Anonymous,Critical,Resolved,6.0,0
R-0777,2026-04-24,2026-04-24,NaT,Fraud/Misconduct,Customer Support,US,Named,Low,In Review,,6
R-0644,2025-12-03,2025-12-06,2026-02-13,Other,Sales,UK,Named,Medium,Resolved,69.0,4
R-0040,2026-05-07,2026-05-10,2026-06-16,Harassment,Engineering,UK,Named,Medium,Resolved,37.0,3
R-0131,2025-11-23,2025-11-26,NaT,Retaliation,Operations,Philippines,Anonymous,High,In Review,,2
R-0793,2026-01-17,2026-01-17,NaT,Safety Violation,Customer Support,UK,Named,Low,Dismissed,,6
R-0190,2025-12-22,2025-12-22,NaT,Harassment,Operations,US,Named,Critical,In Review,,0
R-0590,2025-09-18,2025-09-21,2025-12-05,Harassment,Sales,UK,Anonymous,Low,Resolved,75.0,5
R-0403,2026-06-09,2026-06-10,NaT,Discrimination,Finance,Philippines,Named,Low,Open,,5
R-0039,2025-11-05,2025-11-06,2025-12-15,Harassment,Sales,US,Anonymous,Medium,Resolved,39.0,3
R-0243,2025-12-24,2025-12-25,NaT,Harassment,Customer Support,US,Anonymous,Medium,In Review,,4
R-0354,2026-04-12,2026-04-12,2026-05-19,Safety Violation,Engineering,US,Named,Medium,Resolved,37.0,3
R-0621,2026-06-26,2026-06-27,2026-07-15,Other,Finance,India,Named,High,Resolved,18.0,2
R-0651,2026-02-13,2026-02-14,NaT,Safety Violation,Operations,India,Named,Low,Dismissed,,5
R-0535,2025-09-14,2025-09-14,2025-11-25,Other,Sales,UK,Named,Medium,Resolved,72.0,5
R-0504,2026-03-03,2026-03-06,NaT,Discrimination,HR,India,Named,High,In Review,,2
R-0160,2026-06-15,2026-06-17,NaT,Harassment,Finance,India,Anonymous,High,In Review,,0
R-0395,2025-09-23,2025-09-25,2025-10-09,Other,Operations,India,Named,Medium,Resolved,14.0,0
R-0538,2025-10-31,2025-10-31,2025-12-05,Harassment,Finance,Philippines,Anonymous,High,Resolved,35.0,2
R-0241,2026-06-10,2026-06-12,2026-08-04,Safety Violation,Sales,US,Anonymous,Low,Resolved,53.0,4
R-0014,2026-06-18,2026-06-20,NaT,Safety Violation,Engineering,Philippines,Named,Low,Open,,6
R-0658,2025-12-19,2025-12-19,2026-01-29,Safety Violation,Finance,UK,Named,Medium,Resolved,41.0,3
R-0476,2026-01-11,2026-01-12,NaT,Other,Customer Support,India,Anonymous,Medium,Open,,2
R-0697,2026-06-03,2026-06-05,2026-07-05,Discrimination,Customer Support,India,Named,Medium,Resolved,30.0,3
R-0315,2026-01-08,2026-01-08,2026-01-31,Other,Operations,India,Anonymous,Medium,Resolved,23.0,1
R-0362,2025-10-30,2025-11-02,2026-01-03,Discrimination,HR,India,Anonymous,Medium,Resolved,62.0,5
R-0591,2026-08-07,2026-08-10,NaT,Retaliation,Engineering,India,Named,Low,In Review,,5
R-0321,2026-07-09,2026-07-09,2026-07-23,Safety Violation,Engineering,India,Anonymous,Medium,Resolved,14.0,0
R-0673,2026-08-05,2026-08-07,2026-08-24,Other,Operations,US,Anonymous,Medium,Resolved,17.0,2
R-0565,2026-05-27,2026-05-27,2026-08-22,Harassment,Sales,UK,Anonymous,Medium,Resolved,87.0,6
R-0356,2026-03-12,2026-03-12,NaT,Retaliation,Sales,UK,Named,High,Open,,1
R-0035,2026-03-12,2026-03-14,2026-04-18,Harassment,Operations,UK,Anonymous,High,Resolved,35.0,3
R-0335,2025-10-05,2025-10-08,2025-10-29,Harassment,Customer Support,UK,Anonymous,Critical,Resolved,21.0,2
R-0689,2026-06-26,2026-06-26,2026-07-12,Other,Engineering,Philippines,Anonymous,Critical,Resolved,16.0,2
R-0377,2026-08-24,2026-08-24,NaT,Retaliation,Finance,India,Named,Medium,Dismissed,,1
R-0185,2026-06-19,2026-06-20,2026-09-15,Other,Engineering,UK,Named,Medium,Resolved,87.0,6
R-0424,2025-09-18,2025-09-18,2025-09-26,Harassment,Operations,Philippines,Anonymous,High,Resolved,8.0,1
R-0326,2026-05-02,2026-05-04,NaT,Harassment,Engineering,UK,Named,Medium,Open,,4
R-0188,2025-10-03,2025-10-04,2025-10-21,Safety Violation,Operations,India,Named,High,Resolved,17.0,2
R-0285,2026-04-17,2026-04-20,NaT,Discrimination,Customer Support,Philippines,Anonymous,Critical,In Review,,0
R-0392,2025-10-14,2025-10-16,NaT,Harassment,Engineering,India,Named,Low,In Review,,3
R-0766,2025-09-03,2025-09-05,2025-09-20,Harassment,Customer Support,India,Named,High,Resolved,15.0,1
R-0166,2026-02-26,2026-02-28,NaT,Fraud/Misconduct,Operations,US,Anonymous,Medium,Dismissed,,2
R-0348,2025-12-27,2025-12-30,2026-01-12,Retaliation,Customer Support,India,Named,High,Resolved,13.0,1
R-0299,2026-06-20,2026-06-22,2026-08-16,Safety Violation,Sales,India,Anonymous,Medium,Resolved,55.0,4
R-0536,2025-11-20,2025-11-20,NaT,Retaliation,Sales,India,Anonymous,Medium,Dismissed,,2
R-0230,2025-10-30,2025-11-02,2025-11-25,Fraud/Misconduct,Sales,UK,Named,Low,Resolved,23.0,2
R-0695,2026-07-19,2026-07-22,2026-08-15,Safety Violation,Engineering,US,Named,Critical,Resolved,24.0,2
R-0042,2026-06-29,2026-06-30,2026-08-15,Safety Violation,Operations,India,Named,Medium,Resolved,46.0,4
R-0588,2026-01-06,2026-01-07,NaT,Discrimination,HR,India,Anonymous,Low,In Review,,6
R-0544,2026-08-15,2026-08-17,NaT,Other,Engineering,India,Anonymous,Critical,In Review,,2
R-0447,2026-08-10,2026-08-10,2027-02-06,Safety Violation,Sales,India,Anonymous,Low,Resolved,180.0,6
R-0448,2026-04-14,2026-04-14,2026-04-23,Retaliation,Customer Support,India,Anonymous,High,Resolved,9.0,1
R-0350,2025-10-10,2025-10-11,2026-03-28,Safety Violation,Engineering,India,Anonymous,Low,Resolved,168.0,6
R-0046,2026-06-06,2026-06-07,2026-07-02,Safety Violation,Operations,US,Anonymous,Medium,Resolved,25.0,2
R-0109,2025-10-08,2025-10-10,2025-11-07,Harassment,Finance,India,Anonymous,High,Resolved,28.0,1
R-0618,2026-01-28,2026-01-28,2026-02-27,Fraud/Misconduct,Customer Support,India,Named,Medium,Resolved,30.0,2
R-0662,2026-07-27,2026-07-28,2026-11-27,Other,Customer Support,Philippines,Anonymous,Low,Resolved,122.0,6
R-0030,2026-05-02,2026-05-02,2026-10-29,Harassment,Customer Support,India,Anonymous,Low,Resolved,180.0,6
R-0182,2026-07-08,2026-07-11,2026-07-20,Harassment,Sales,US,Named,High,Resolved,9.0,0
R-0622,2026-03-04,2026-03-06,NaT,Fraud/Misconduct,Sales,India,Named,High,In Review,,4
R-0420,2026-07-11,2026-07-13,2026-12-04,Harassment,Sales,US,Named,High,Resolved,144.0,6
R-0635,2025-09-18,2025-09-19,2025-10-11,Harassment,Engineering,India,Anonymous,High,Resolved,22.0,1
R-0105,2026-06-25,2026-06-25,2026-08-04,Other,Sales,India,Named,Low,Resolved,40.0,3
R-0061,2026-05-17,2026-05-20,2026-11-16,Harassment,Sales,India,Named,Medium,Resolved,180.0,6
R-0659,2026-03-30,2026-04-02,2026-07-15,Safety Violation,Engineering,Philippines,Anonymous,Medium,Resolved,104.0,6
R-0084,2025-11-23,2025-11-24,2025-12-12,Discrimination,Sales,UK,Anonymous,Low,Resolved,18.0,1
R-0491,2026-05-25,2026-05-28,2026-11-15,Retaliation,Sales,India,Named,Medium,Resolved,171.0,6
R-0316,2026-01-14,2026-01-14,NaT,Safety Violation,Operations,India,Anonymous,Low,Dismissed,,4
R-0451,2025-09-06,2025-09-07,NaT,Safety Violation,HR,Philippines,Named,Low,Open,,4
R-0382,2026-08-15,2026-08-18,2026-09-22,Safety Violation,Sales,India,Anonymous,Critical,Resolved,35.0,2
R-0423,2025-09-20,2025-09-21,2025-10-30,Other,Customer Support,India,Named,Medium,Resolved,39.0,3
R-0497,2026-02-26,2026-02-27,2026-05-29,Harassment,Customer Support,UK,Anonymous,Medium,Resolved,91.0,6
R-0755,2026-05-08,2026-05-11,2026-07-23,Other,Sales,Philippines,Named,Low,Resolved,73.0,4
R-0524,2026-04-17,2026-04-20,NaT,Fraud/Misconduct,Customer Support,India,Named,High,Open,,6
R-0446,2026-05-28,2026-05-29,2026-06-30,Fraud/Misconduct,Operations,India,Named,Medium,Resolved,32.0,3
R-0664,2025-10-16,2025-10-18,2026-03-02,Fraud/Misconduct,Sales,US,Anonymous,Low,Resolved,135.0,6
R-0001,2026-06-07,2026-06-09,2026-06-20,Fraud/Misconduct,HR,India,Named,High,Resolved,11.0,0
R-0779,2026-06-27,2026-06-28,2026-08-05,Retaliation,Customer Support,Philippines,Anonymous,High,Resolved,38.0,3
R-0627,2026-06-24,2026-06-27,2026-07-25,Fraud/Misconduct,Engineering,UK,Named,Medium,Resolved,28.0,1
R-0458,2026-03-22,2026-03-23,NaT,Other,Sales,Philippines,Anonymous,Medium,In Review,,6
R-0489,2026-04-08,2026-04-09,NaT,Fraud/Misconduct,Engineering,India,Anonymous,Medium,In Review,,4
R-0089,2025-11-28,2025-11-29,2025-12-13,Fraud/Misconduct,Engineering,UK,Named,Low,Resolved,14.0,0
R-0484,2026-01-19,2026-01-20,2026-05-05,Safety Violation,Engineering,India,Anonymous,Medium,Resolved,105.0,6
R-0461,2026-04-25,2026-04-28,2026-05-25,Harassment,Engineering,Philippines,Named,High,Resolved,27.0,1
R-0078,2026-05-11,2026-05-13,2026-07-20,Harassment,Sales,UK,Anonymous,Medium,Resolved,68.0,4
R-0269,2025-10-01,2025-10-04,2025-10-13,Retaliation,Customer Support,UK,Named,Critical,Resolved,9.0,0
R-0124,2026-02-19,2026-02-19,2026-03-10,Retaliation,Operations,India,Anonymous,Critical,Resolved,19.0,2
R-0298,2026-06-24,2026-06-26,2026-09-24,Discrimination,Sales,India,Anonymous,Medium,Resolved,90.0,6
R-0096,2026-04-19,2026-04-21,2026-07-15,Safety Violation,Engineering,India,Anonymous,Medium,Resolved,85.0,6
R-0734,2026-02-22,2026-02-25,2026-03-30,Other,Engineering,UK,Anonymous,,Resolved,33.0,3
R-0012,2026-08-01,2026-08-01,2026-10-23,Other,Finance,India,Anonymous,Low,Resolved,83.0,5
R-0115,2025-11-19,2025-11-22,2026-01-10,Harassment,Operations,Philippines,Anonymous,Low,Resolved,49.0,3
R-0429,2025-09-16,2025-09-19,2025-10-03,Harassment,Operations,UK,Anonymous,High,Resolved,14.0,1
R-0258,2025-10-18,2025-10-21,2025-12-08,Fraud/Misconduct,Engineering,India,Named,Low,Resolved,48.0,4
R-0732,2025-09-26,2025-09-26,2026-03-08,Discrimination,Engineering,Philippines,Anonymous,Low,Resolved,163.0,6
R-0353,2026-04-01,2026-04-01,2026-06-13,Safety Violation,Sales,Philippines,Anonymous,Medium,Resolved,73.0,5
R-0782,2026-08-10,2026-08-10,2026-09-02,Safety Violation,Customer Support,India,Anonymous,Medium,Resolved,23.0,2
R-0691,2025-12-11,2025-12-12,NaT,Safety Violation,Operations,India,Named,Medium,Dismissed,,2
R-0532,2026-05-28,2026-05-29,NaT,Harassment,Sales,UK,Anonymous,High,Open,,1
R-0170,2026-08-02,2026-08-05,2027-01-06,Safety Violation,Engineering,UK,Named,Medium,Resolved,154.0,6
R-0240,2025-10-17,2025-10-19,2025-11-23,Other,Operations,India,Named,Low,Resolved,35.0,2
R-0278,2026-03-26,2026-03-28,2026-09-24,Other,Operations,Philippines,Anonymous,Low,Resolved,180.0,6
R-0161,2025-10-12,2025-10-12,2025-10-22,Discrimination,Customer Support,Philippines,Anonymous,Critical,Resolved,10.0,1
R-0074,2025-12-22,2025-12-22,NaT,Fraud/Misconduct,Sales,India,Named,Low,In Review,,2
R-0530,2026-01-08,2026-01-09,2026-02-05,Safety Violation,Engineering,Philippines,Named,Low,Resolved,27.0,2
R-0063,2026-04-04,2026-04-05,2026-04-21,Safety Violation,Sales,Philippines,Named,Medium,Resolved,16.0,2
R-0762,2025-10-23,2025-10-26,2025-11-09,Safety Violation,Operations,UK,Named,Critical,Resolved,14.0,1
R-0493,2026-05-23,2026-05-24,2026-10-02,Safety Violation,Operations,US,Anonymous,Medium,Resolved,131.0,6
R-0741,2025-09-13,2025-09-14,2025-11-08,Safety Violation,Finance,India,Anonymous,Medium,Resolved,55.0,3
R-0751,2025-12-16,2025-12-18,2026-01-24,Other,Finance,India,Anonymous,Medium,Resolved,37.0,3
R-0742,2025-10-12,2025-10-13,2025-11-21,Fraud/Misconduct,Operations,India,Named,Medium,Resolved,39.0,3
R-0048,2025-12-19,2025-12-19,2026-04-13,Harassment,Engineering,India,Anonymous,Medium,Resolved,115.0,6
R-0763,2025-09-29,2025-10-02,2025-11-08,Fraud/Misconduct,Finance,US,Anonymous,Low,Resolved,37.0,2
R-0592,2026-02-10,2026-02-11,2026-03-09,Safety Violation,Operations,US,Named,High,Resolved,26.0,2
R-0788,2026-01-28,2026-01-30,2026-02-11,Discrimination,Operations,India,Anonymous,Medium,Resolved,12.0,0
R-0506,2026-06-06,2026-06-06,2026-07-02,Other,Engineering,India,Anonymous,Medium,Resolved,26.0,2
R-0021,2026-06-05,2026-06-07,2026-07-21,Harassment,Sales,UK,Anonymous,Medium,Resolved,44.0,2
R-0425,2026-04-01,2026-04-02,2026-07-18,Safety Violation,Engineering,US,Named,Medium,Resolved,107.0,6
R-0653,2026-05-06,2026-05-09,2026-05-21,Fraud/Misconduct,Engineering,India,Named,Medium,Resolved,12.0,1
R-0193,2025-10-11,2025-10-13,NaT,Harassment,Sales,India,Anonymous,High,Dismissed,,1
R-0643,2025-09-14,2025-09-14,2025-10-29,Harassment,Engineering,UK,Anonymous,Medium,Resolved,45.0,4
R-0216,2026-05-02,2026-05-02,2026-05-26,Retaliation,Customer Support,India,Anonymous,Medium,Resolved,24.0,1
R-0245,2026-04-21,2026-04-24,NaT,Harassment,Customer Support,Philippines,Anonymous,Medium,Dismissed,,3
R-0364,2025-10-25,2025-10-25,2025-11-21,Other,Customer Support,India,Named,Medium,Resolved,27.0,1
R-0060,2025-10-08,2025-10-08,2025-12-15,Other,Operations,India,Anonymous,High,Resolved,68.0,5
R-0222,2026-03-22,2026-03-23,2026-03-29,Fraud/Misconduct,Customer Support,UK,Anonymous,Critical,Resolved,6.0,0
R-0177,2026-02-07,2026-02-09,2026-02-22,Discrimination,Operations,US,Anonymous,High,Resolved,13.0,1
R-0450,2026-04-18,2026-04-19,2026-06-10,Other,Operations,US,Named,High,Resolved,52.0,4
R-0056,2026-06-04,2026-06-04,NaT,Other,Finance,India,Named,Medium,Open,,4
R-0255,2025-12-03,2025-12-03,NaT,Safety Violation,Operations,UK,Named,Medium,Open,,0
R-0386,2026-08-20,2026-08-21,NaT,Other,Engineering,India,Named,High,Dismissed,,1
R-0198,2026-07-03,2026-07-06,2027-01-02,Other,Engineering,US,Named,Low,Resolved,180.0,6
R-0069,2025-09-16,2025-09-17,NaT,Fraud/Misconduct,Finance,India,Anonymous,Critical,In Review,,1
R-0723,2025-09-11,2025-09-13,NaT,Fraud/Misconduct,Engineering,UK,Anonymous,Medium,In Review,,3
R-0745,2026-03-17,2026-03-19,2026-04-26,Other,Sales,US,Anonymous,Medium,Resolved,38.0,2
R-0714,2026-06-29,2026-06-30,2026-07-14,Fraud/Misconduct,HR,US,Anonymous,Critical,Resolved,14.0,1
R-0169,2026-01-01,2026-01-04,NaT,Harassment,Operations,US,Anonymous,High,In Review,,2
R-0186,2026-05-06,2026-05-08,NaT,Harassment,Sales,Philippines,Anonymous,High,In Review,,2
R-0036,2025-11-16,2025-11-16,2026-01-17,Harassment,Operations,India,Named,High,Resolved,62.0,5
R-0642,2026-06-17,2026-06-19,2026-11-04,Fraud/Misconduct,Engineering,US,Named,Low,Resolved,138.0,6
